Bringing machine 'master' up with 'virtualbox' provider...
Bringing machine 'worker1' up with 'virtualbox' provider...
Bringing machine 'worker2' up with 'virtualbox' provider...
==> master: Importing base box 'ubuntu/jammy64'...
==> master: Matching MAC address for NAT networking...
==> master: Checking if box 'ubuntu/jammy64' version '20241002.0.0' is up to date...
==> master: Setting the name of the VM: k8s-master
==> master: Clearing any previously set network interfaces...
==> master: Preparing network interfaces based on configuration...
    master: Adapter 1: nat
    master: Adapter 2: hostonly
==> master: Forwarding ports...
    master: 22 (guest) => 2222 (host) (adapter 1)
==> master: Running 'pre-boot' VM customizations...
==> master: Booting VM...
==> master: Waiting for machine to boot. This may take a few minutes...
    master: SSH address: 127.0.0.1:2222
    master: SSH username: vagrant
    master: SSH auth method: private key
    master: Warning: Connection reset. Retrying...
    master: Warning: Connection aborted. Retrying...
    master: Warning: Connection reset. Retrying...
    master: Warning: Connection aborted. Retrying...
==> master: Machine booted and ready!
==> master: Checking for guest additions in VM...
    master: The guest additions on this VM do not match the installed version of
    master: VirtualBox! In most cases this is fine, but in rare cases it can
    master: prevent things such as shared folders from working properly. If you see
    master: shared folder errors, please make sure the guest additions within the
    master: virtual machine match the version of VirtualBox you have installed on
    master: your host and reload your VM.
    master:
    master: Guest Additions Version: 6.0.0 r127566
    master: VirtualBox Version: 7.2
==> master: Setting hostname...
==> master: Configuring and enabling network interfaces...
==> master: Mounting shared folders...
    master: E:/k8s-vagrant-cluster/data => /vagrant/data
==> master: Running provisioner: shell...
    master: Running: C:/Users/chand/AppData/Local/Temp/vagrant-shell20260801-16972-s7u1hd.sh
    master: ==================================================
    master:  Kubernetes Common Node Provisioning
    master: ==================================================
    master: Node : master
    master: Role : master
    master: ==================================================
    master: [1/10] Updating package information...
    master: Get:1 http://security.ubuntu.com/ubuntu jammy-security InRelease [129 kB]
    master: Hit:2 http://archive.ubuntu.com/ubuntu jammy InRelease
    master: Get:3 http://archive.ubuntu.com/ubuntu jammy-updates InRelease [128 kB]
    master: Get:4 http://archive.ubuntu.com/ubuntu jammy-backports InRelease [127 kB]
    master: Get:5 http://archive.ubuntu.com/ubuntu jammy/universe amd64 Packages [14.1 MB]
    master: Get:6 http://security.ubuntu.com/ubuntu jammy-security/main amd64 Packages [3414 kB]
    master: Get:7 http://archive.ubuntu.com/ubuntu jammy/universe Translation-en [5652 kB]
    master: Get:8 http://security.ubuntu.com/ubuntu jammy-security/main Translation-en [482 kB]
    master: Get:9 http://security.ubuntu.com/ubuntu jammy-security/main amd64 c-n-f Metadata [14.7 kB]
    master: Get:10 http://security.ubuntu.com/ubuntu jammy-security/restricted amd64 Packages [6110 kB]
    master: Get:11 http://archive.ubuntu.com/ubuntu jammy/universe amd64 c-n-f Metadata [286 kB]
    master: Get:12 http://archive.ubuntu.com/ubuntu jammy/multiverse amd64 Packages [217 kB]
    master: Get:13 http://archive.ubuntu.com/ubuntu jammy/multiverse Translation-en [112 kB]
    master: Get:14 http://archive.ubuntu.com/ubuntu jammy/multiverse amd64 c-n-f Metadata [8372 B]
    master: Get:15 http://archive.ubuntu.com/ubuntu jammy-updates/main amd64 Packages [3683 kB]
    master: Get:16 http://security.ubuntu.com/ubuntu jammy-security/restricted Translation-en [1173 kB]
    master: Get:17 http://security.ubuntu.com/ubuntu jammy-security/restricted amd64 c-n-f Metadata [600 B]
    master: Get:18 http://security.ubuntu.com/ubuntu jammy-security/universe amd64 Packages [1046 kB]
    master: Get:19 http://security.ubuntu.com/ubuntu jammy-security/universe Translation-en [234 kB]
    master: Get:20 http://security.ubuntu.com/ubuntu jammy-security/universe amd64 c-n-f Metadata [23.2 kB]
    master: Get:21 http://security.ubuntu.com/ubuntu jammy-security/multiverse amd64 Packages [69.1 kB]
    master: Get:22 http://security.ubuntu.com/ubuntu jammy-security/multiverse Translation-en [12.9 kB]
    master: Get:23 http://security.ubuntu.com/ubuntu jammy-security/multiverse amd64 c-n-f Metadata [544 B]
    master: Get:24 http://archive.ubuntu.com/ubuntu jammy-updates/main Translation-en [552 kB]
    master: Get:25 http://archive.ubuntu.com/ubuntu jammy-updates/main amd64 c-n-f Metadata [20.1 kB]
    master: Get:26 http://archive.ubuntu.com/ubuntu jammy-updates/restricted amd64 Packages [6346 kB]
    master: Get:27 http://archive.ubuntu.com/ubuntu jammy-updates/restricted Translation-en [1215 kB]
    master: Get:28 http://archive.ubuntu.com/ubuntu jammy-updates/restricted amd64 c-n-f Metadata [584 B]
    master: Get:29 http://archive.ubuntu.com/ubuntu jammy-updates/universe amd64 Packages [1279 kB]
    master: Get:30 http://archive.ubuntu.com/ubuntu jammy-updates/universe Translation-en [322 kB]
    master: Get:31 http://archive.ubuntu.com/ubuntu jammy-updates/universe amd64 c-n-f Metadata [30.8 kB]
    master: Get:32 http://archive.ubuntu.com/ubuntu jammy-updates/multiverse amd64 Packages [76.5 kB]
    master: Get:33 http://archive.ubuntu.com/ubuntu jammy-updates/multiverse Translation-en [15.9 kB]
    master: Get:34 http://archive.ubuntu.com/ubuntu jammy-updates/multiverse amd64 c-n-f Metadata [756 B]
    master: Get:35 http://archive.ubuntu.com/ubuntu jammy-backports/main amd64 Packages [70.2 kB]
    master: Get:36 http://archive.ubuntu.com/ubuntu jammy-backports/main Translation-en [11.4 kB]
    master: Get:37 http://archive.ubuntu.com/ubuntu jammy-backports/main amd64 c-n-f Metadata [412 B]
    master: Get:38 http://archive.ubuntu.com/ubuntu jammy-backports/restricted amd64 c-n-f Metadata [116 B]
    master: Get:39 http://archive.ubuntu.com/ubuntu jammy-backports/universe amd64 Packages [30.8 kB]
    master: Get:40 http://archive.ubuntu.com/ubuntu jammy-backports/universe Translation-en [16.9 kB]
    master: Get:41 http://archive.ubuntu.com/ubuntu jammy-backports/universe amd64 c-n-f Metadata [676 B]
    master: Get:42 http://archive.ubuntu.com/ubuntu jammy-backports/multiverse amd64 c-n-f Metadata [116 B]
    master: Fetched 47.0 MB in 32s (1485 kB/s)
    master: Reading package lists...
    master: [2/10] Disabling swap...
    master: [3/10] Loading kernel modules...
    master: [4/10] Configuring Kubernetes networking...
    master: * Applying /etc/sysctl.d/10-console-messages.conf ...
    master: kernel.printk = 4 4 1 7
    master: * Applying /etc/sysctl.d/10-ipv6-privacy.conf ...
    master: net.ipv6.conf.all.use_tempaddr = 2
    master: net.ipv6.conf.default.use_tempaddr = 2
    master: * Applying /etc/sysctl.d/10-kernel-hardening.conf ...
    master: kernel.kptr_restrict = 1
    master: * Applying /etc/sysctl.d/10-magic-sysrq.conf ...
    master: kernel.sysrq = 176
    master: * Applying /etc/sysctl.d/10-network-security.conf ...
    master: net.ipv4.conf.default.rp_filter = 2
    master: net.ipv4.conf.all.rp_filter = 2
    master: * Applying /etc/sysctl.d/10-ptrace.conf ...
    master: kernel.yama.ptrace_scope = 1
    master: * Applying /etc/sysctl.d/10-zeropage.conf ...
    master: vm.mmap_min_addr = 65536
    master: * Applying /usr/lib/sysctl.d/50-default.conf ...
    master: kernel.core_uses_pid = 1
    master: net.ipv4.conf.default.rp_filter = 2
    master: net.ipv4.conf.default.accept_source_route = 0
    master: net.ipv4.conf.default.promote_secondaries = 1
    master: sysctl: setting key "net.ipv4.conf.all.accept_source_route": Invalid argument
    master: sysctl: setting key "net.ipv4.conf.all.promote_secondaries": Invalid argument
    master: net.ipv4.ping_group_range = 0 2147483647
    master: net.core.default_qdisc = fq_codel
    master: fs.protected_hardlinks = 1
    master: fs.protected_symlinks = 1
    master: fs.protected_regular = 1
    master: fs.protected_fifos = 1
    master: * Applying /usr/lib/sysctl.d/50-pid-max.conf ...
    master: kernel.pid_max = 4194304
    master: * Applying /etc/sysctl.d/99-cloudimg-ipv6.conf ...
    master: net.ipv6.conf.all.use_tempaddr = 0
    master: net.ipv6.conf.default.use_tempaddr = 0
    master: * Applying /usr/lib/sysctl.d/99-protect-links.conf ...
    master: fs.protected_fifos = 1
    master: fs.protected_hardlinks = 1
    master: fs.protected_regular = 2
    master: fs.protected_symlinks = 1
    master: * Applying /etc/sysctl.d/99-sysctl.conf ...
    master: * Applying /etc/sysctl.d/k8s.conf ...
    master: net.bridge.bridge-nf-call-iptables = 1
    master: net.bridge.bridge-nf-call-ip6tables = 1
    master: net.ipv4.ip_forward = 1
    master: * Applying /etc/sysctl.conf ...
    master: [5/10] Installing required packages...
    master: Reading package lists...
    master: Building dependency tree...
    master: Reading state information...
    master: gpg is already the newest version (2.2.27-3ubuntu2.5).
    master: gpg set to manually installed.
    master: software-properties-common is already the newest version (0.99.22.9).
    master: software-properties-common set to manually installed.
    master: The following additional packages will be installed:
    master:   libcurl4
    master: The following NEW packages will be installed:
    master:   apt-transport-https conntrack socat
    master: The following packages will be upgraded:
    master:   ca-certificates curl libcurl4
    master: 3 upgraded, 3 newly installed, 0 to remove and 109 not upgraded.
    master: Need to get 1010 kB of archives.
    master: After this operation, 1603 kB of additional disk space will be used.
    master: Get:1 http://archive.ubuntu.com/ubuntu jammy-updates/main amd64 ca-certificates all 20260601~22.04.1 [141 kB]
    master: Get:2 http://archive.ubuntu.com/ubuntu jammy-updates/universe amd64 apt-transport-https all 2.4.14 [1510 B]
    master: Get:3 http://archive.ubuntu.com/ubuntu jammy/main amd64 conntrack amd64 1:1.4.6-2build2 [33.5 kB]
    master: Get:4 http://archive.ubuntu.com/ubuntu jammy-updates/main amd64 curl amd64 7.81.0-1ubuntu1.25 [194 kB]
    master: Get:5 http://archive.ubuntu.com/ubuntu jammy-updates/main amd64 libcurl4 amd64 7.81.0-1ubuntu1.25 [291 kB]
    master: Get:6 http://archive.ubuntu.com/ubuntu jammy/main amd64 socat amd64 1.7.4.1-3ubuntu4 [349 kB]
    master: dpkg-preconfigure: unable to re-open stdin: No such file or directory
    master: Fetched 1010 kB in 2s (463 kB/s)
(Reading database ... 64341 files and directories currently installed.)
    master: Preparing to unpack .../0-ca-certificates_20260601~22.04.1_all.deb ...
    master: Unpacking ca-certificates (20260601~22.04.1) over (20240203~22.04.1) ...
    master: Selecting previously unselected package apt-transport-https.
    master: Preparing to unpack .../1-apt-transport-https_2.4.14_all.deb ...
    master: Unpacking apt-transport-https (2.4.14) ...
    master: Selecting previously unselected package conntrack.
    master: Preparing to unpack .../2-conntrack_1%3a1.4.6-2build2_amd64.deb ...
    master: Unpacking conntrack (1:1.4.6-2build2) ...
    master: Preparing to unpack .../3-curl_7.81.0-1ubuntu1.25_amd64.deb ...
    master: Unpacking curl (7.81.0-1ubuntu1.25) over (7.81.0-1ubuntu1.23) ...
    master: Preparing to unpack .../4-libcurl4_7.81.0-1ubuntu1.25_amd64.deb ...
    master: Unpacking libcurl4:amd64 (7.81.0-1ubuntu1.25) over (7.81.0-1ubuntu1.23) ...
    master: Selecting previously unselected package socat.
    master: Preparing to unpack .../5-socat_1.7.4.1-3ubuntu4_amd64.deb ...
    master: Unpacking socat (1.7.4.1-3ubuntu4) ...
    master: Setting up apt-transport-https (2.4.14) ...
    master: Setting up conntrack (1:1.4.6-2build2) ...
    master: Setting up ca-certificates (20260601~22.04.1) ...
    master: Updating certificates in /etc/ssl/certs...
    master: rehash: warning: skipping ca-certificates.crt,it does not contain exactly one certificate or CRL
    master: 14 added, 39 removed; done.
    master: Setting up socat (1.7.4.1-3ubuntu4) ...
    master: Setting up libcurl4:amd64 (7.81.0-1ubuntu1.25) ...
    master: Setting up curl (7.81.0-1ubuntu1.25) ...
    master: Processing triggers for man-db (2.10.2-1) ...
    master: Processing triggers for libc-bin (2.35-0ubuntu3.13) ...
    master: Processing triggers for ca-certificates (20260601~22.04.1) ...
    master: Updating certificates in /etc/ssl/certs...
    master: 0 added, 0 removed; done.
    master: Running hooks in /etc/ca-certificates/update.d...
    master: done.
    master:
    master: Running kernel seems to be up-to-date.
    master:
    master: No services need to be restarted.
    master:
    master: No containers need to be restarted.
    master:
    master: No user sessions are running outdated binaries.
    master:
    master: No VM guests are running outdated hypervisor (qemu) binaries on this host.
    master: [6/10] Installing containerd...
    master: Reading package lists...
    master: Building dependency tree...
    master: Reading state information...
    master: The following additional packages will be installed:
    master:   runc
    master: The following NEW packages will be installed:
    master:   containerd runc
    master: 0 upgraded, 2 newly installed, 0 to remove and 109 not upgraded.
    master: Need to get 37.8 MB of archives.
    master: After this operation, 140 MB of additional disk space will be used.
    master: Get:1 http://archive.ubuntu.com/ubuntu jammy-updates/main amd64 runc amd64 1.3.4-0ubuntu1~22.04.1 [9569 kB]
    master: Get:2 http://archive.ubuntu.com/ubuntu jammy-updates/main amd64 containerd amd64 2.2.1-0ubuntu1~22.04.2 [28.3 MB]
    master: dpkg-preconfigure: unable to re-open stdin: No such file or directory
    master: Fetched 37.8 MB in 5s (7689 kB/s)
    master: Selecting previously unselected package runc.
(Reading database ... 64365 files and directories currently installed.)
    master: Preparing to unpack .../runc_1.3.4-0ubuntu1~22.04.1_amd64.deb ...
    master: Unpacking runc (1.3.4-0ubuntu1~22.04.1) ...
    master: Selecting previously unselected package containerd.
    master: Preparing to unpack .../containerd_2.2.1-0ubuntu1~22.04.2_amd64.deb ...
    master: Unpacking containerd (2.2.1-0ubuntu1~22.04.2) ...
    master: Setting up runc (1.3.4-0ubuntu1~22.04.1) ...
    master: Setting up containerd (2.2.1-0ubuntu1~22.04.2) ...
    master: Created symlink /etc/systemd/system/multi-user.target.wants/containerd.service → /lib/systemd/system/containerd.service.
    master: Processing triggers for man-db (2.10.2-1) ...
    master:
    master: Running kernel seems to be up-to-date.
    master:
    master: No services need to be restarted.
    master:
    master: No containers need to be restarted.
    master:
    master: No user sessions are running outdated binaries.
    master:
    master: No VM guests are running outdated hypervisor (qemu) binaries on this host.
    master: [7/10] Configuring containerd...
    master: [8/10] Configuring Kubernetes repository...
    master: Hit:1 http://archive.ubuntu.com/ubuntu jammy InRelease
    master: Hit:3 http://archive.ubuntu.com/ubuntu jammy-updates InRelease
    master: Hit:4 http://security.ubuntu.com/ubuntu jammy-security InRelease
    master: Get:2 https://prod-cdn.packages.k8s.io/repositories/isv:/kubernetes:/core:/stable:/v1.28/deb  InRelease [1192 B]
    master: Hit:5 http://archive.ubuntu.com/ubuntu jammy-backports InRelease
    master: Get:6 https://prod-cdn.packages.k8s.io/repositories/isv:/kubernetes:/core:/stable:/v1.28/deb  Packages [21.3 kB]
    master: Fetched 22.5 kB in 5s (4639 B/s)
    master: Reading package lists...
    master: [9/10] Installing Kubernetes components...
    master: Reading package lists...
    master: Building dependency tree...
    master: Reading state information...
    master: The following additional packages will be installed:
    master:   cri-tools kubernetes-cni
    master: The following NEW packages will be installed:
    master:   cri-tools kubeadm kubectl kubelet kubernetes-cni
    master: 0 upgraded, 5 newly installed, 0 to remove and 109 not upgraded.
    master: Need to get 87.4 MB of archives.
    master: After this operation, 335 MB of additional disk space will be used.
    master: Get:1 https://prod-cdn.packages.k8s.io/repositories/isv:/kubernetes:/core:/stable:/v1.28/deb  cri-tools 1.28.0-1.1 [19.6 MB]
    master: Get:2 https://prod-cdn.packages.k8s.io/repositories/isv:/kubernetes:/core:/stable:/v1.28/deb  kubernetes-cni 1.2.0-2.1 [27.6 MB]
    master: Get:3 https://prod-cdn.packages.k8s.io/repositories/isv:/kubernetes:/core:/stable:/v1.28/deb  kubelet 1.28.15-1.1 [19.6 MB]
    master: Get:4 https://prod-cdn.packages.k8s.io/repositories/isv:/kubernetes:/core:/stable:/v1.28/deb  kubectl 1.28.15-1.1 [10.4 MB]
    master: Get:5 https://prod-cdn.packages.k8s.io/repositories/isv:/kubernetes:/core:/stable:/v1.28/deb  kubeadm 1.28.15-1.1 [10.1 MB]
    master: dpkg-preconfigure: unable to re-open stdin: No such file or directory
    master: Fetched 87.4 MB in 7s (11.9 MB/s)
    master: Selecting previously unselected package cri-tools.
(Reading database ... 64429 files and directories currently installed.)
    master: Preparing to unpack .../cri-tools_1.28.0-1.1_amd64.deb ...
    master: Unpacking cri-tools (1.28.0-1.1) ...
    master: Selecting previously unselected package kubernetes-cni.
    master: Preparing to unpack .../kubernetes-cni_1.2.0-2.1_amd64.deb ...
    master: Unpacking kubernetes-cni (1.2.0-2.1) ...
    master: Selecting previously unselected package kubelet.
    master: Preparing to unpack .../kubelet_1.28.15-1.1_amd64.deb ...
    master: Unpacking kubelet (1.28.15-1.1) ...
    master: Selecting previously unselected package kubectl.
    master: Preparing to unpack .../kubectl_1.28.15-1.1_amd64.deb ...
    master: Unpacking kubectl (1.28.15-1.1) ...
    master: Selecting previously unselected package kubeadm.
    master: Preparing to unpack .../kubeadm_1.28.15-1.1_amd64.deb ...
    master: Unpacking kubeadm (1.28.15-1.1) ...
    master: Setting up kubectl (1.28.15-1.1) ...
    master: Setting up cri-tools (1.28.0-1.1) ...
    master: Setting up kubernetes-cni (1.2.0-2.1) ...
    master: Setting up kubelet (1.28.15-1.1) ...
    master: Setting up kubeadm (1.28.15-1.1) ...
    master:
    master: Running kernel seems to be up-to-date.
    master:
    master: No services need to be restarted.
    master:
    master: No containers need to be restarted.
    master:
    master: No user sessions are running outdated binaries.
    master:
    master: No VM guests are running outdated hypervisor (qemu) binaries on this host.
    master: kubelet set on hold.
    master: kubeadm set on hold.
    master: kubectl set on hold.
    master: [10/10] Enabling kubelet...
    master:
    master: ==================================================
    master:  Common Provisioning Completed Successfully
    master: ==================================================
    master: Node:
    master: master
    master:
    master: Container runtime:
    master: active
    master:
    master: Kubernetes versions:
    master: v1.28.15
    master: Client Version: v1.28.15
    master: Kustomize Version: v5.0.4-0.20230601165947-6ce0bf390ce3
    master:
    master: Swap:
    master:                total        used        free      shared  buff/cache   available
    master: Mem:           3.8Gi       208Mi       2.2Gi       1.0Mi       1.4Gi       3.4Gi
    master: Swap:             0B          0B          0B
    master:
    master: ==================================================
==> master: Running provisioner: shell...
    master: Running: C:/Users/chand/AppData/Local/Temp/vagrant-shell20260801-16972-wtxat3.sh
    master: ==================================================
    master:  Master Node Preparation
    master: ==================================================
    master: [INFO] Detecting Kubernetes node IP...
    master: [OK] Detected node IP: 192.168.56.10
    master: [INFO] Checking containerd...
    master: [OK] containerd is running.
    master: [INFO] Checking kubeadm...
    master: [OK] kubeadm is installed.
    master: v1.28.15
    master: [INFO] Checking kubelet...
    master: [OK] kubelet is installed.
    master: Kubernetes v1.28.15
    master: [INFO] Checking kubectl...
    master: [OK] kubectl is installed.
    master: [INFO] Configuring kubelet node IP...
    master:
    master: ==================================================
    master:  Master Node Preparation Completed
    master: ==================================================
    master: Hostname:
    master: master
    master:
    master: Detected Kubernetes IP:
    master: 192.168.56.10
    master:
    master: Host-only addresses:
    master:     inet 192.168.56.10/24 brd 192.168.56.255 scope global enp0s8
    master:
    master: Kubernetes version:
    master: v1.28.15
    master:
    master: ==================================================
==> master: Running provisioner: shell...
    master: Running: C:/Users/chand/AppData/Local/Temp/vagrant-shell20260801-16972-wbgoze.sh
    master: ==================================================
    master:  Kubernetes Control Plane Initialization
    master: ==================================================
    master: [INFO] Master IP: 192.168.56.10
    master: [INFO] Initializing Kubernetes control plane...
    master: I0801 15:17:57.521978    8401 version.go:256] remote version is much newer: v1.36.3; falling back to: stable-1.28
    master: [init] Using Kubernetes version: v1.28.15
    master: [preflight] Running pre-flight checks
    master: [preflight] Pulling images required for setting up a Kubernetes cluster
    master: [preflight] This might take a minute or two, depending on the speed of your internet connection
    master: [preflight] You can also perform this action in beforehand using 'kubeadm config images pull'
    master: [certs] Using certificateDir folder "/etc/kubernetes/pki"
    master: [certs] Generating "ca" certificate and key
    master: [certs] Generating "apiserver" certificate and key
    master: [certs] apiserver serving cert is signed for DNS names [kubernetes kubernetes.default kubernetes.default.svc kubernetes.default.svc.cluster.local master] and IPs [10.96.0.1 192.168.56.10]
    master: [certs] Generating "apiserver-kubelet-client" certificate and key
    master: [certs] Generating "front-proxy-ca" certificate and key
    master: [certs] Generating "front-proxy-client" certificate and key
    master: [certs] Generating "etcd/ca" certificate and key
    master: [certs] Generating "etcd/server" certificate and key
    master: [certs] etcd/server serving cert is signed for DNS names [localhost master] and IPs [192.168.56.10 127.0.0.1 ::1]
    master: [certs] Generating "etcd/peer" certificate and key
    master: [certs] etcd/peer serving cert is signed for DNS names [localhost master] and IPs [192.168.56.10 127.0.0.1 ::1]
    master: [certs] Generating "etcd/healthcheck-client" certificate and key
    master: [certs] Generating "apiserver-etcd-client" certificate and key
    master: [certs] Generating "sa" key and public key
    master: [kubeconfig] Using kubeconfig folder "/etc/kubernetes"
    master: [kubeconfig] Writing "admin.conf" kubeconfig file
    master: [kubeconfig] Writing "kubelet.conf" kubeconfig file
    master: [kubeconfig] Writing "controller-manager.conf" kubeconfig file
    master: [kubeconfig] Writing "scheduler.conf" kubeconfig file
    master: [etcd] Creating static Pod manifest for local etcd in "/etc/kubernetes/manifests"
    master: [control-plane] Using manifest folder "/etc/kubernetes/manifests"
    master: [control-plane] Creating static Pod manifest for "kube-apiserver"
    master: [control-plane] Creating static Pod manifest for "kube-controller-manager"
    master: [control-plane] Creating static Pod manifest for "kube-scheduler"
    master: [kubelet-start] Writing kubelet environment file with flags to file "/var/lib/kubelet/kubeadm-flags.env"
    master: [kubelet-start] Writing kubelet configuration to file "/var/lib/kubelet/config.yaml"
    master: [kubelet-start] Starting the kubelet
    master: [wait-control-plane] Waiting for the kubelet to boot up the control plane as static Pods from directory "/etc/kubernetes/manifests". This can take up to 4m0s
    master: [apiclient] All control plane components are healthy after 32.026365 seconds
    master: [upload-config] Storing the configuration used in ConfigMap "kubeadm-config" in the "kube-system" Namespace
    master: [kubelet] Creating a ConfigMap "kubelet-config" in namespace kube-system with the configuration for the kubelets in the cluster
    master: [upload-certs] Skipping phase. Please see --upload-certs
    master: [mark-control-plane] Marking the node master as control-plane by adding the labels: [node-role.kubernetes.io/control-plane node.kubernetes.io/exclude-from-external-load-balancers]
    master: [mark-control-plane] Marking the node master as control-plane by adding the taints [node-role.kubernetes.io/control-plane:NoSchedule]
    master: [bootstrap-token] Using token: yjnrjx.sdlim0pc20luksxv
    master: [bootstrap-token] Configuring bootstrap tokens, cluster-info ConfigMap, RBAC Roles
    master: [bootstrap-token] Configured RBAC rules to allow Node Bootstrap tokens to get nodes
    master: [bootstrap-token] Configured RBAC rules to allow Node Bootstrap tokens to post CSRs in order for nodes to get long term certificate credentials
    master: [bootstrap-token] Configured RBAC rules to allow the csrapprover controller automatically approve CSRs from a Node Bootstrap Token
    master: [bootstrap-token] Configured RBAC rules to allow certificate rotation for all node client certificates in the cluster
    master: [bootstrap-token] Creating the "cluster-info" ConfigMap in the "kube-public" namespace
    master: [kubelet-finalize] Updating "/etc/kubernetes/kubelet.conf" to point to a rotatable kubelet client certificate and key
    master: [addons] Applied essential addon: CoreDNS
    master: [addons] Applied essential addon: kube-proxy
    master:
    master: Your Kubernetes control-plane has initialized successfully!
    master:
    master: To start using your cluster, you need to run the following as a regular user:
    master:
    master:   mkdir -p $HOME/.kube
    master:   sudo cp -i /etc/kubernetes/admin.conf $HOME/.kube/config
    master:   sudo chown $(id -u):$(id -g) $HOME/.kube/config
    master:
    master: Alternatively, if you are the root user, you can run:
    master:
    master:   export KUBECONFIG=/etc/kubernetes/admin.conf
    master:
    master: You should now deploy a pod network to the cluster.
    master: Run "kubectl apply -f [podnetwork].yaml" with one of the options listed at:
    master:   https://kubernetes.io/docs/concepts/cluster-administration/addons/
    master:
    master: Then you can join any number of worker nodes by running the following on each as root:
    master:
    master: kubeadm join 192.168.56.10:6443 --token yjnrjx.sdlim0pc20luksxv \
    master:     --discovery-token-ca-cert-hash sha256:5fb6d57f41c2e8bb4c58d3425d4ca5f9e7ab7efe29abc18a9ec6354040c89418
    master: [INFO] Configuring kubectl...
    master: [INFO] Waiting for Kubernetes API...
    master: [INFO] Kubernetes API is ready.
    master: [INFO] Generating worker join command...
    master: [INFO] Saving worker join command...
    master:
    master: ==================================================
    master:  Kubernetes Control Plane Ready
    master: ==================================================
    master:
    master: [INFO] Master:
    master: NAME     STATUS     ROLES           AGE   VERSION    INTERNAL-IP     EXTERNAL-IP   OS-IMAGE             KERNEL-VERSION       CONTAINER-RUNTIME
    master: master   NotReady   control-plane   18s   v1.28.15   192.168.56.10   <none>        Ubuntu 22.04.5 LTS   5.15.0-173-generic   containerd://2.2.1
    master:
    master: [INFO] Join command generated:
    master: /vagrant/data/join-command.sh
    master:
    master: [INFO] Join command:
    master: #!/bin/bash
    master: kubeadm join 192.168.56.10:6443 --token f65sdi.k33kgk45i3y3ywk9 --discovery-token-ca-cert-hash sha256:5fb6d57f41c2e8bb4c58d3425d4ca5f9e7ab7efe29abc18a9ec6354040c89418
    master:
    master: ==================================================
    master:  Control Plane Initialization Completed
    master: ==================================================
==> master: Running provisioner: shell...
    master: Running: C:/Users/chand/AppData/Local/Temp/vagrant-shell20260801-16972-18gdcf.sh
    master: ==================================================
    master:  Kubernetes Calico Installation
    master: ==================================================
    master: [INFO] Waiting for Kubernetes API...
    master: [INFO] Kubernetes API is ready.
    master:
    master: [INFO] Kubernetes nodes:
    master: NAME     STATUS     ROLES           AGE   VERSION    INTERNAL-IP     EXTERNAL-IP   OS-IMAGE             KERNEL-VERSION       CONTAINER-RUNTIME
    master: master   NotReady   control-plane   20s   v1.28.15   192.168.56.10   <none>        Ubuntu 22.04.5 LTS   5.15.0-173-generic   containerd://2.2.1
    master:
    master: [INFO] Checking existing Calico installation...
    master: [INFO] Calico is not installed.
    master: [INFO] Installing Calico v3.32.1...
    master: poddisruptionbudget.policy/calico-kube-controllers created
    master: serviceaccount/calico-kube-controllers created
    master: serviceaccount/calico-node created
    master: serviceaccount/calico-cni-plugin created
    master: configmap/calico-config created
    master: customresourcedefinition.apiextensions.k8s.io/bgpconfigurations.crd.projectcalico.org created
    master: customresourcedefinition.apiextensions.k8s.io/bgpfilters.crd.projectcalico.org created
    master: customresourcedefinition.apiextensions.k8s.io/bgppeers.crd.projectcalico.org created
    master: customresourcedefinition.apiextensions.k8s.io/blockaffinities.crd.projectcalico.org created
    master: customresourcedefinition.apiextensions.k8s.io/caliconodestatuses.crd.projectcalico.org created
    master: customresourcedefinition.apiextensions.k8s.io/clusterinformations.crd.projectcalico.org created
    master: customresourcedefinition.apiextensions.k8s.io/felixconfigurations.crd.projectcalico.org created
    master: customresourcedefinition.apiextensions.k8s.io/globalnetworkpolicies.crd.projectcalico.org created
    master: customresourcedefinition.apiextensions.k8s.io/globalnetworksets.crd.projectcalico.org created
    master: customresourcedefinition.apiextensions.k8s.io/hostendpoints.crd.projectcalico.org created
    master: customresourcedefinition.apiextensions.k8s.io/ipamblocks.crd.projectcalico.org created
    master: customresourcedefinition.apiextensions.k8s.io/ipamconfigs.crd.projectcalico.org created
    master: customresourcedefinition.apiextensions.k8s.io/ipamhandles.crd.projectcalico.org created
    master: customresourcedefinition.apiextensions.k8s.io/ippools.crd.projectcalico.org created
    master: customresourcedefinition.apiextensions.k8s.io/ipreservations.crd.projectcalico.org created
    master: customresourcedefinition.apiextensions.k8s.io/kubecontrollersconfigurations.crd.projectcalico.org created
    master: customresourcedefinition.apiextensions.k8s.io/networkpolicies.crd.projectcalico.org created
    master: customresourcedefinition.apiextensions.k8s.io/networksets.crd.projectcalico.org created
    master: customresourcedefinition.apiextensions.k8s.io/stagedglobalnetworkpolicies.crd.projectcalico.org created
    master: customresourcedefinition.apiextensions.k8s.io/stagedkubernetesnetworkpolicies.crd.projectcalico.org created
    master: customresourcedefinition.apiextensions.k8s.io/stagednetworkpolicies.crd.projectcalico.org created
    master: customresourcedefinition.apiextensions.k8s.io/tiers.crd.projectcalico.org created
    master: clusterrole.rbac.authorization.k8s.io/calico-kube-controllers created
    master: clusterrole.rbac.authorization.k8s.io/calico-node created
    master: clusterrole.rbac.authorization.k8s.io/calico-cni-plugin created
    master: clusterrole.rbac.authorization.k8s.io/calico-tier-getter created
    master: clusterrolebinding.rbac.authorization.k8s.io/calico-kube-controllers created
    master: clusterrolebinding.rbac.authorization.k8s.io/calico-node created
    master: clusterrolebinding.rbac.authorization.k8s.io/calico-cni-plugin created
    master: clusterrolebinding.rbac.authorization.k8s.io/calico-tier-getter created
    master: daemonset.apps/calico-node created
    master: deployment.apps/calico-kube-controllers created
    master: The CustomResourceDefinition "clusternetworkpolicies.policy.networking.k8s.io" is invalid: spec.validation.openAPIV3Schema.properties[spec].properties[egress].items.properties[to].items.properties[networks].items.x-kubernetes-validations[0].rule: Invalid value: apiextensions.ValidationRule{Rule:"isCIDR(self)", Message:"Invalid CIDR format provided", MessageExpression:"", Reason:(*apiextensions.FieldValueErrorReason)(nil), FieldPath:""}: compilation failed: ERROR: <input>:1:7: undeclared reference to 'isCIDR' (in container '')
    master:  | isCIDR(self)
    master:  | ......^
The SSH command responded with a non-zero exit status. Vagrant
assumes that this means the command failed. The output for this command
should be in the log above. Please read the output to determine what
went wrong.
PS E:\k8s-vagrant-cluster>
PS E:\k8s-vagrant-cluster>
PS E:\k8s-vagrant-cluster>
PS E:\k8s-vagrant-cluster>
PS E:\k8s-vagrant-cluster> vagrant destroy -f ; vagrant up
==> worker2: VM not created. Moving on...
==> worker1: VM not created. Moving on...
==> master: Forcing shutdown of VM...
==> master: Destroying VM and associated drives...
Bringing machine 'master' up with 'virtualbox' provider...
Bringing machine 'worker1' up with 'virtualbox' provider...
Bringing machine 'worker2' up with 'virtualbox' provider...
==> master: Importing base box 'ubuntu/jammy64'...
==> master: Matching MAC address for NAT networking...
==> master: Checking if box 'ubuntu/jammy64' version '20241002.0.0' is up to date...
==> master: Setting the name of the VM: k8s-master
==> master: Clearing any previously set network interfaces...
==> master: Preparing network interfaces based on configuration...
    master: Adapter 1: nat
    master: Adapter 2: hostonly
==> master: Forwarding ports...
    master: 22 (guest) => 2222 (host) (adapter 1)
==> master: Running 'pre-boot' VM customizations...
==> master: Booting VM...
==> master: Waiting for machine to boot. This may take a few minutes...
    master: SSH address: 127.0.0.1:2222
    master: SSH username: vagrant
    master: SSH auth method: private key
    master: Warning: Connection aborted. Retrying...
    master: Warning: Connection reset. Retrying...
==> master: Machine booted and ready!
==> master: Checking for guest additions in VM...
    master: The guest additions on this VM do not match the installed version of
    master: VirtualBox! In most cases this is fine, but in rare cases it can
    master: prevent things such as shared folders from working properly. If you see
    master: shared folder errors, please make sure the guest additions within the
    master: virtual machine match the version of VirtualBox you have installed on
    master: your host and reload your VM.
    master:
    master: Guest Additions Version: 6.0.0 r127566
    master: VirtualBox Version: 7.2
==> master: Setting hostname...
==> master: Configuring and enabling network interfaces...
==> master: Mounting shared folders...
    master: E:/k8s-vagrant-cluster/data => /vagrant/data
==> master: Running provisioner: shell...
    master: Running: C:/Users/chand/AppData/Local/Temp/vagrant-shell20260801-17972-soqsq0.sh
    master: ==================================================
    master:  Kubernetes Common Node Provisioning
    master: ==================================================
    master: Node : master
    master: Role : master
    master: ==================================================
    master: [1/10] Updating package information...
    master: Get:1 http://security.ubuntu.com/ubuntu jammy-security InRelease [129 kB]
    master: Hit:2 http://archive.ubuntu.com/ubuntu jammy InRelease
    master: Get:3 http://archive.ubuntu.com/ubuntu jammy-updates InRelease [128 kB]
    master: Get:4 http://archive.ubuntu.com/ubuntu jammy-backports InRelease [127 kB]
    master: Get:5 http://archive.ubuntu.com/ubuntu jammy/universe amd64 Packages [14.1 MB]
    master: Get:6 http://security.ubuntu.com/ubuntu jammy-security/main amd64 Packages [3414 kB]
    master: Get:7 http://security.ubuntu.com/ubuntu jammy-security/main Translation-en [482 kB]
    master: Get:8 http://security.ubuntu.com/ubuntu jammy-security/main amd64 c-n-f Metadata [14.7 kB]
    master: Get:9 http://security.ubuntu.com/ubuntu jammy-security/restricted amd64 Packages [6110 kB]
    master: Get:10 http://archive.ubuntu.com/ubuntu jammy/universe Translation-en [5652 kB]
    master: Get:11 http://archive.ubuntu.com/ubuntu jammy/universe amd64 c-n-f Metadata [286 kB]
    master: Get:12 http://archive.ubuntu.com/ubuntu jammy/multiverse amd64 Packages [217 kB]
    master: Get:13 http://security.ubuntu.com/ubuntu jammy-security/restricted Translation-en [1173 kB]
    master: Get:14 http://archive.ubuntu.com/ubuntu jammy/multiverse Translation-en [112 kB]
    master: Get:15 http://archive.ubuntu.com/ubuntu jammy/multiverse amd64 c-n-f Metadata [8372 B]
    master: Get:16 http://security.ubuntu.com/ubuntu jammy-security/restricted amd64 c-n-f Metadata [600 B]
    master: Get:17 http://security.ubuntu.com/ubuntu jammy-security/universe amd64 Packages [1046 kB]
    master: Get:18 http://security.ubuntu.com/ubuntu jammy-security/universe Translation-en [234 kB]
    master: Get:19 http://security.ubuntu.com/ubuntu jammy-security/universe amd64 c-n-f Metadata [23.2 kB]
    master: Get:20 http://security.ubuntu.com/ubuntu jammy-security/multiverse amd64 Packages [69.1 kB]
    master: Get:21 http://security.ubuntu.com/ubuntu jammy-security/multiverse Translation-en [12.9 kB]
    master: Get:22 http://security.ubuntu.com/ubuntu jammy-security/multiverse amd64 c-n-f Metadata [544 B]
    master: Get:23 http://archive.ubuntu.com/ubuntu jammy-updates/main amd64 Packages [3683 kB]
    master: Get:24 http://archive.ubuntu.com/ubuntu jammy-updates/main Translation-en [552 kB]
    master: Get:25 http://archive.ubuntu.com/ubuntu jammy-updates/main amd64 c-n-f Metadata [20.1 kB]
    master: Get:26 http://archive.ubuntu.com/ubuntu jammy-updates/restricted amd64 Packages [6346 kB]
    master: Get:27 http://archive.ubuntu.com/ubuntu jammy-updates/restricted Translation-en [1215 kB]
    master: Get:28 http://archive.ubuntu.com/ubuntu jammy-updates/restricted amd64 c-n-f Metadata [584 B]
    master: Get:29 http://archive.ubuntu.com/ubuntu jammy-updates/universe amd64 Packages [1279 kB]
    master: Get:30 http://archive.ubuntu.com/ubuntu jammy-updates/universe Translation-en [322 kB]
    master: Get:31 http://archive.ubuntu.com/ubuntu jammy-updates/universe amd64 c-n-f Metadata [30.8 kB]
    master: Get:32 http://archive.ubuntu.com/ubuntu jammy-updates/multiverse amd64 Packages [76.5 kB]
    master: Get:33 http://archive.ubuntu.com/ubuntu jammy-updates/multiverse Translation-en [15.9 kB]
    master: Get:34 http://archive.ubuntu.com/ubuntu jammy-updates/multiverse amd64 c-n-f Metadata [756 B]
    master: Get:35 http://archive.ubuntu.com/ubuntu jammy-backports/main amd64 Packages [70.2 kB]
    master: Get:36 http://archive.ubuntu.com/ubuntu jammy-backports/main Translation-en [11.4 kB]
    master: Get:37 http://archive.ubuntu.com/ubuntu jammy-backports/main amd64 c-n-f Metadata [412 B]
    master: Get:38 http://archive.ubuntu.com/ubuntu jammy-backports/restricted amd64 c-n-f Metadata [116 B]
    master: Get:39 http://archive.ubuntu.com/ubuntu jammy-backports/universe amd64 Packages [30.8 kB]
    master: Get:40 http://archive.ubuntu.com/ubuntu jammy-backports/universe Translation-en [16.9 kB]
    master: Get:41 http://archive.ubuntu.com/ubuntu jammy-backports/universe amd64 c-n-f Metadata [676 B]
    master: Get:42 http://archive.ubuntu.com/ubuntu jammy-backports/multiverse amd64 c-n-f Metadata [116 B]
    master: Fetched 47.0 MB in 27s (1752 kB/s)
    master: Reading package lists...
    master: [2/10] Disabling swap...
    master: [3/10] Loading kernel modules...
    master: [4/10] Configuring Kubernetes networking...
    master: * Applying /etc/sysctl.d/10-console-messages.conf ...
    master: kernel.printk = 4 4 1 7
    master: * Applying /etc/sysctl.d/10-ipv6-privacy.conf ...
    master: net.ipv6.conf.all.use_tempaddr = 2
    master: net.ipv6.conf.default.use_tempaddr = 2
    master: * Applying /etc/sysctl.d/10-kernel-hardening.conf ...
    master: kernel.kptr_restrict = 1
    master: * Applying /etc/sysctl.d/10-magic-sysrq.conf ...
    master: kernel.sysrq = 176
    master: * Applying /etc/sysctl.d/10-network-security.conf ...
    master: net.ipv4.conf.default.rp_filter = 2
    master: net.ipv4.conf.all.rp_filter = 2
    master: * Applying /etc/sysctl.d/10-ptrace.conf ...
    master: kernel.yama.ptrace_scope = 1
    master: * Applying /etc/sysctl.d/10-zeropage.conf ...
    master: vm.mmap_min_addr = 65536
    master: * Applying /usr/lib/sysctl.d/50-default.conf ...
    master: kernel.core_uses_pid = 1
    master: net.ipv4.conf.default.rp_filter = 2
    master: net.ipv4.conf.default.accept_source_route = 0
    master: net.ipv4.conf.default.promote_secondaries = 1
    master: net.ipv4.ping_group_range = 0 2147483647
    master: net.core.default_qdisc = fq_codel
    master: fs.protected_hardlinks = 1
    master: fs.protected_symlinks = 1
    master: fs.protected_regular = 1
    master: fs.protected_fifos = 1
    master: * Applying /usr/lib/sysctl.d/50-pid-max.conf ...
    master: kernel.pid_max = 4194304
    master: * Applying /etc/sysctl.d/99-cloudimg-ipv6.conf ...
    master: net.ipv6.conf.all.use_tempaddr = 0
    master: net.ipv6.conf.default.use_tempaddr = 0
    master: * Applying /usr/lib/sysctl.d/99-protect-links.conf ...
    master: fs.protected_fifos = 1
    master: fs.protected_hardlinks = 1
    master: fs.protected_regular = 2
    master: fs.protected_symlinks = 1
    master: * Applying /etc/sysctl.d/99-sysctl.conf ...
    master: * Applying /etc/sysctl.d/k8s.conf ...
    master: net.bridge.bridge-nf-call-iptables = 1
    master: net.bridge.bridge-nf-call-ip6tables = 1
    master: net.ipv4.ip_forward = 1
    master: * Applying /etc/sysctl.conf ...
    master: sysctl: setting key "net.ipv4.conf.all.accept_source_route": Invalid argument
    master: sysctl: setting key "net.ipv4.conf.all.promote_secondaries": Invalid argument
    master: [5/10] Installing required packages...
    master: Reading package lists...
    master: Building dependency tree...
    master: Reading state information...
    master: gpg is already the newest version (2.2.27-3ubuntu2.5).
    master: gpg set to manually installed.
    master: software-properties-common is already the newest version (0.99.22.9).
    master: software-properties-common set to manually installed.
    master: The following additional packages will be installed:
    master:   libcurl4
    master: The following NEW packages will be installed:
    master:   apt-transport-https conntrack socat
    master: The following packages will be upgraded:
    master:   ca-certificates curl libcurl4
    master: 3 upgraded, 3 newly installed, 0 to remove and 109 not upgraded.
    master: Need to get 1010 kB of archives.
    master: After this operation, 1603 kB of additional disk space will be used.
    master: Get:1 http://archive.ubuntu.com/ubuntu jammy-updates/main amd64 ca-certificates all 20260601~22.04.1 [141 kB]
    master: Get:2 http://archive.ubuntu.com/ubuntu jammy-updates/universe amd64 apt-transport-https all 2.4.14 [1510 B]
    master: Get:3 http://archive.ubuntu.com/ubuntu jammy/main amd64 conntrack amd64 1:1.4.6-2build2 [33.5 kB]
    master: Get:4 http://archive.ubuntu.com/ubuntu jammy-updates/main amd64 curl amd64 7.81.0-1ubuntu1.25 [194 kB]
    master: Get:5 http://archive.ubuntu.com/ubuntu jammy-updates/main amd64 libcurl4 amd64 7.81.0-1ubuntu1.25 [291 kB]
    master: Get:6 http://archive.ubuntu.com/ubuntu jammy/main amd64 socat amd64 1.7.4.1-3ubuntu4 [349 kB]
    master: dpkg-preconfigure: unable to re-open stdin: No such file or directory
    master: Fetched 1010 kB in 3s (374 kB/s)
(Reading database ... 64341 files and directories currently installed.)
    master: Preparing to unpack .../0-ca-certificates_20260601~22.04.1_all.deb ...
    master: Unpacking ca-certificates (20260601~22.04.1) over (20240203~22.04.1) ...
    master: Selecting previously unselected package apt-transport-https.
    master: Preparing to unpack .../1-apt-transport-https_2.4.14_all.deb ...
    master: Unpacking apt-transport-https (2.4.14) ...
    master: Selecting previously unselected package conntrack.
    master: Preparing to unpack .../2-conntrack_1%3a1.4.6-2build2_amd64.deb ...
    master: Unpacking conntrack (1:1.4.6-2build2) ...
    master: Preparing to unpack .../3-curl_7.81.0-1ubuntu1.25_amd64.deb ...
    master: Unpacking curl (7.81.0-1ubuntu1.25) over (7.81.0-1ubuntu1.23) ...
    master: Preparing to unpack .../4-libcurl4_7.81.0-1ubuntu1.25_amd64.deb ...
    master: Unpacking libcurl4:amd64 (7.81.0-1ubuntu1.25) over (7.81.0-1ubuntu1.23) ...
    master: Selecting previously unselected package socat.
    master: Preparing to unpack .../5-socat_1.7.4.1-3ubuntu4_amd64.deb ...
    master: Unpacking socat (1.7.4.1-3ubuntu4) ...
    master: Setting up apt-transport-https (2.4.14) ...
    master: Setting up conntrack (1:1.4.6-2build2) ...
    master: Setting up ca-certificates (20260601~22.04.1) ...
    master: Updating certificates in /etc/ssl/certs...
    master: rehash: warning: skipping ca-certificates.crt,it does not contain exactly one certificate or CRL
    master: 14 added, 39 removed; done.
    master: Setting up socat (1.7.4.1-3ubuntu4) ...
    master: Setting up libcurl4:amd64 (7.81.0-1ubuntu1.25) ...
    master: Setting up curl (7.81.0-1ubuntu1.25) ...
    master: Processing triggers for man-db (2.10.2-1) ...
    master: Processing triggers for libc-bin (2.35-0ubuntu3.13) ...
    master: Processing triggers for ca-certificates (20260601~22.04.1) ...
    master: Updating certificates in /etc/ssl/certs...
    master: 0 added, 0 removed; done.
    master: Running hooks in /etc/ca-certificates/update.d...
    master: done.
    master:
    master: Running kernel seems to be up-to-date.
    master:
    master: No services need to be restarted.
    master:
    master: No containers need to be restarted.
    master:
    master: No user sessions are running outdated binaries.
    master:
    master: No VM guests are running outdated hypervisor (qemu) binaries on this host.
    master: [6/10] Installing containerd...
    master: Reading package lists...
    master: Building dependency tree...
    master: Reading state information...
    master: The following additional packages will be installed:
    master:   runc
    master: The following NEW packages will be installed:
    master:   containerd runc
    master: 0 upgraded, 2 newly installed, 0 to remove and 109 not upgraded.
    master: Need to get 37.8 MB of archives.
    master: After this operation, 140 MB of additional disk space will be used.
    master: Get:1 http://archive.ubuntu.com/ubuntu jammy-updates/main amd64 runc amd64 1.3.4-0ubuntu1~22.04.1 [9569 kB]
    master: Get:2 http://archive.ubuntu.com/ubuntu jammy-updates/main amd64 containerd amd64 2.2.1-0ubuntu1~22.04.2 [28.3 MB]
    master: dpkg-preconfigure: unable to re-open stdin: No such file or directory
    master: Fetched 37.8 MB in 5s (8258 kB/s)
    master: Selecting previously unselected package runc.
(Reading database ... 64365 files and directories currently installed.)
    master: Preparing to unpack .../runc_1.3.4-0ubuntu1~22.04.1_amd64.deb ...
    master: Unpacking runc (1.3.4-0ubuntu1~22.04.1) ...
    master: Selecting previously unselected package containerd.
    master: Preparing to unpack .../containerd_2.2.1-0ubuntu1~22.04.2_amd64.deb ...
    master: Unpacking containerd (2.2.1-0ubuntu1~22.04.2) ...
    master: Setting up runc (1.3.4-0ubuntu1~22.04.1) ...
    master: Setting up containerd (2.2.1-0ubuntu1~22.04.2) ...
    master: Created symlink /etc/systemd/system/multi-user.target.wants/containerd.service → /lib/systemd/system/containerd.service.
    master: Processing triggers for man-db (2.10.2-1) ...
    master:
    master: Running kernel seems to be up-to-date.
    master:
    master: No services need to be restarted.
    master:
    master: No containers need to be restarted.
    master:
    master: No user sessions are running outdated binaries.
    master:
    master: No VM guests are running outdated hypervisor (qemu) binaries on this host.
    master: [7/10] Configuring containerd...
    master: [8/10] Configuring Kubernetes repository...
    master: Hit:1 http://archive.ubuntu.com/ubuntu jammy InRelease
    master: Hit:3 http://archive.ubuntu.com/ubuntu jammy-updates InRelease
    master: Hit:4 http://security.ubuntu.com/ubuntu jammy-security InRelease
    master: Hit:5 http://archive.ubuntu.com/ubuntu jammy-backports InRelease
    master: Get:2 https://prod-cdn.packages.k8s.io/repositories/isv:/kubernetes:/core:/stable:/v1.28/deb  InRelease [1192 B]
    master: Get:6 https://prod-cdn.packages.k8s.io/repositories/isv:/kubernetes:/core:/stable:/v1.28/deb  Packages [21.3 kB]
    master: Fetched 22.5 kB in 5s (4533 B/s)
    master: Reading package lists...
    master: [9/10] Installing Kubernetes components...
    master: Reading package lists...
    master: Building dependency tree...
    master: Reading state information...
    master: The following additional packages will be installed:
    master:   cri-tools kubernetes-cni
    master: The following NEW packages will be installed:
    master:   cri-tools kubeadm kubectl kubelet kubernetes-cni
    master: 0 upgraded, 5 newly installed, 0 to remove and 109 not upgraded.
    master: Need to get 87.4 MB of archives.
    master: After this operation, 335 MB of additional disk space will be used.
    master: Get:1 https://prod-cdn.packages.k8s.io/repositories/isv:/kubernetes:/core:/stable:/v1.28/deb  cri-tools 1.28.0-1.1 [19.6 MB]
    master: Get:2 https://prod-cdn.packages.k8s.io/repositories/isv:/kubernetes:/core:/stable:/v1.28/deb  kubernetes-cni 1.2.0-2.1 [27.6 MB]
    master: Get:3 https://prod-cdn.packages.k8s.io/repositories/isv:/kubernetes:/core:/stable:/v1.28/deb  kubelet 1.28.15-1.1 [19.6 MB]
    master: Get:4 https://prod-cdn.packages.k8s.io/repositories/isv:/kubernetes:/core:/stable:/v1.28/deb  kubectl 1.28.15-1.1 [10.4 MB]
    master: Get:5 https://prod-cdn.packages.k8s.io/repositories/isv:/kubernetes:/core:/stable:/v1.28/deb  kubeadm 1.28.15-1.1 [10.1 MB]
    master: dpkg-preconfigure: unable to re-open stdin: No such file or directory
    master: Fetched 87.4 MB in 8s (11.6 MB/s)
    master: Selecting previously unselected package cri-tools.
(Reading database ... 64429 files and directories currently installed.)
    master: Preparing to unpack .../cri-tools_1.28.0-1.1_amd64.deb ...
    master: Unpacking cri-tools (1.28.0-1.1) ...
    master: Selecting previously unselected package kubernetes-cni.
    master: Preparing to unpack .../kubernetes-cni_1.2.0-2.1_amd64.deb ...
    master: Unpacking kubernetes-cni (1.2.0-2.1) ...
    master: Selecting previously unselected package kubelet.
    master: Preparing to unpack .../kubelet_1.28.15-1.1_amd64.deb ...
    master: Unpacking kubelet (1.28.15-1.1) ...
    master: Selecting previously unselected package kubectl.
    master: Preparing to unpack .../kubectl_1.28.15-1.1_amd64.deb ...
    master: Unpacking kubectl (1.28.15-1.1) ...
    master: Selecting previously unselected package kubeadm.
    master: Preparing to unpack .../kubeadm_1.28.15-1.1_amd64.deb ...
    master: Unpacking kubeadm (1.28.15-1.1) ...
    master: Setting up kubectl (1.28.15-1.1) ...
    master: Setting up cri-tools (1.28.0-1.1) ...
    master: Setting up kubernetes-cni (1.2.0-2.1) ...
    master: Setting up kubelet (1.28.15-1.1) ...
    master: Setting up kubeadm (1.28.15-1.1) ...
    master:
    master: Running kernel seems to be up-to-date.
    master:
    master: No services need to be restarted.
    master:
    master: No containers need to be restarted.
    master:
    master: No user sessions are running outdated binaries.
    master:
    master: No VM guests are running outdated hypervisor (qemu) binaries on this host.
    master: kubelet set on hold.
    master: kubeadm set on hold.
    master: kubectl set on hold.
    master: [10/10] Enabling kubelet...
    master:
    master: ==================================================
    master:  Common Provisioning Completed Successfully
    master: ==================================================
    master: Node:
    master: master
    master:
    master: Container runtime:
    master: active
    master:
    master: Kubernetes versions:
    master: v1.28.15
    master: Client Version: v1.28.15
    master: Kustomize Version: v5.0.4-0.20230601165947-6ce0bf390ce3
    master:
    master: Swap:
    master:                total        used        free      shared  buff/cache   available
    master: Mem:           3.8Gi       205Mi       2.2Gi       1.0Mi       1.4Gi       3.4Gi
    master: Swap:             0B          0B          0B
    master:
    master: ==================================================
==> master: Running provisioner: shell...
    master: Running: C:/Users/chand/AppData/Local/Temp/vagrant-shell20260801-17972-qjs4am.sh
    master: ==================================================
    master:  Master Node Preparation
    master: ==================================================
    master: [INFO] Detecting Kubernetes node IP...
    master: [OK] Detected node IP: 192.168.56.10
    master: [INFO] Checking containerd...
    master: [OK] containerd is running.
    master: [INFO] Checking kubeadm...
    master: [OK] kubeadm is installed.
    master: v1.28.15
    master: [INFO] Checking kubelet...
    master: [OK] kubelet is installed.
    master: Kubernetes v1.28.15
    master: [INFO] Checking kubectl...
    master: [OK] kubectl is installed.
    master: [INFO] Configuring kubelet node IP...
    master:
    master: ==================================================
    master:  Master Node Preparation Completed
    master: ==================================================
    master: Hostname:
    master: master
    master:
    master: Detected Kubernetes IP:
    master: 192.168.56.10
    master:
    master: Host-only addresses:
    master:     inet 192.168.56.10/24 brd 192.168.56.255 scope global enp0s8
    master:
    master: Kubernetes version:
    master: v1.28.15
    master:
    master: ==================================================
==> master: Running provisioner: shell...
    master: Running: C:/Users/chand/AppData/Local/Temp/vagrant-shell20260801-17972-g2tic8.sh
    master: ==================================================
    master:  Kubernetes Control Plane Initialization
    master: ==================================================
    master: [INFO] Master IP: 192.168.56.10
    master: [INFO] Initializing Kubernetes control plane...
    master: I0801 15:43:35.544837    8398 version.go:256] remote version is much newer: v1.36.3; falling back to: stable-1.28
    master: [init] Using Kubernetes version: v1.28.15
    master: [preflight] Running pre-flight checks
    master: [preflight] Pulling images required for setting up a Kubernetes cluster
    master: [preflight] This might take a minute or two, depending on the speed of your internet connection
    master: [preflight] You can also perform this action in beforehand using 'kubeadm config images pull'
    master: [certs] Using certificateDir folder "/etc/kubernetes/pki"
    master: [certs] Generating "ca" certificate and key
    master: [certs] Generating "apiserver" certificate and key
    master: [certs] apiserver serving cert is signed for DNS names [kubernetes kubernetes.default kubernetes.default.svc kubernetes.default.svc.cluster.local master] and IPs [10.96.0.1 192.168.56.10]
    master: [certs] Generating "apiserver-kubelet-client" certificate and key
    master: [certs] Generating "front-proxy-ca" certificate and key
    master: [certs] Generating "front-proxy-client" certificate and key
    master: [certs] Generating "etcd/ca" certificate and key
    master: [certs] Generating "etcd/server" certificate and key
    master: [certs] etcd/server serving cert is signed for DNS names [localhost master] and IPs [192.168.56.10 127.0.0.1 ::1]
    master: [certs] Generating "etcd/peer" certificate and key
    master: [certs] etcd/peer serving cert is signed for DNS names [localhost master] and IPs [192.168.56.10 127.0.0.1 ::1]
    master: [certs] Generating "etcd/healthcheck-client" certificate and key
    master: [certs] Generating "apiserver-etcd-client" certificate and key
    master: [certs] Generating "sa" key and public key
    master: [kubeconfig] Using kubeconfig folder "/etc/kubernetes"
    master: [kubeconfig] Writing "admin.conf" kubeconfig file
    master: [kubeconfig] Writing "kubelet.conf" kubeconfig file
    master: [kubeconfig] Writing "controller-manager.conf" kubeconfig file
    master: [kubeconfig] Writing "scheduler.conf" kubeconfig file
    master: [etcd] Creating static Pod manifest for local etcd in "/etc/kubernetes/manifests"
    master: [control-plane] Using manifest folder "/etc/kubernetes/manifests"
    master: [control-plane] Creating static Pod manifest for "kube-apiserver"
    master: [control-plane] Creating static Pod manifest for "kube-controller-manager"
    master: [control-plane] Creating static Pod manifest for "kube-scheduler"
    master: [kubelet-start] Writing kubelet environment file with flags to file "/var/lib/kubelet/kubeadm-flags.env"
    master: [kubelet-start] Writing kubelet configuration to file "/var/lib/kubelet/config.yaml"
    master: [kubelet-start] Starting the kubelet
    master: [wait-control-plane] Waiting for the kubelet to boot up the control plane as static Pods from directory "/etc/kubernetes/manifests". This can take up to 4m0s
    master: [apiclient] All control plane components are healthy after 37.536954 seconds
    master: [upload-config] Storing the configuration used in ConfigMap "kubeadm-config" in the "kube-system" Namespace
    master: [kubelet] Creating a ConfigMap "kubelet-config" in namespace kube-system with the configuration for the kubelets in the cluster
    master: [upload-certs] Skipping phase. Please see --upload-certs
    master: [mark-control-plane] Marking the node master as control-plane by adding the labels: [node-role.kubernetes.io/control-plane node.kubernetes.io/exclude-from-external-load-balancers]
    master: [mark-control-plane] Marking the node master as control-plane by adding the taints [node-role.kubernetes.io/control-plane:NoSchedule]
    master: [bootstrap-token] Using token: dkv0qx.fp1hi9ar8ssgnl5j
    master: [bootstrap-token] Configuring bootstrap tokens, cluster-info ConfigMap, RBAC Roles
    master: [bootstrap-token] Configured RBAC rules to allow Node Bootstrap tokens to get nodes
    master: [bootstrap-token] Configured RBAC rules to allow Node Bootstrap tokens to post CSRs in order for nodes to get long term certificate credentials
    master: [bootstrap-token] Configured RBAC rules to allow the csrapprover controller automatically approve CSRs from a Node Bootstrap Token
    master: [bootstrap-token] Configured RBAC rules to allow certificate rotation for all node client certificates in the cluster
    master: [bootstrap-token] Creating the "cluster-info" ConfigMap in the "kube-public" namespace
    master: [kubelet-finalize] Updating "/etc/kubernetes/kubelet.conf" to point to a rotatable kubelet client certificate and key
    master: [kubelet-check] Initial timeout of 40s passed.
    master: [addons] Applied essential addon: CoreDNS
    master: [addons] Applied essential addon: kube-proxy
    master:
    master: Your Kubernetes control-plane has initialized successfully!
    master:
    master: To start using your cluster, you need to run the following as a regular user:
    master:
    master:   mkdir -p $HOME/.kube
    master:   sudo cp -i /etc/kubernetes/admin.conf $HOME/.kube/config
    master:   sudo chown $(id -u):$(id -g) $HOME/.kube/config
    master:
    master: Alternatively, if you are the root user, you can run:
    master:
    master:   export KUBECONFIG=/etc/kubernetes/admin.conf
    master:
    master: You should now deploy a pod network to the cluster.
    master: Run "kubectl apply -f [podnetwork].yaml" with one of the options listed at:
    master:   https://kubernetes.io/docs/concepts/cluster-administration/addons/
    master:
    master: Then you can join any number of worker nodes by running the following on each as root:
    master:
    master: kubeadm join 192.168.56.10:6443 --token dkv0qx.fp1hi9ar8ssgnl5j \
    master:     --discovery-token-ca-cert-hash sha256:6bd3c83f49e2666219784a360bc1568e8035448bb877dfa27ad0a913a0b83abc
    master: [INFO] Configuring kubectl...
    master: [INFO] Waiting for Kubernetes API...
    master: [INFO] Kubernetes API is ready.
    master: [INFO] Generating worker join command...
    master: [INFO] Saving worker join command...
    master:
    master: ==================================================
    master:  Kubernetes Control Plane Ready
    master: ==================================================
    master:
    master: [INFO] Master:
    master: NAME     STATUS     ROLES           AGE   VERSION    INTERNAL-IP     EXTERNAL-IP   OS-IMAGE             KERNEL-VERSION       CONTAINER-RUNTIME
    master: master   NotReady   control-plane   15s   v1.28.15   192.168.56.10   <none>        Ubuntu 22.04.5 LTS   5.15.0-173-generic   containerd://2.2.1
    master:
    master: [INFO] Join command generated:
    master: /vagrant/data/join-command.sh
    master:
    master: [INFO] Join command:
    master: #!/bin/bash
    master: kubeadm join 192.168.56.10:6443 --token re9lo4.0n3djy1czp7nt1ca --discovery-token-ca-cert-hash sha256:6bd3c83f49e2666219784a360bc1568e8035448bb877dfa27ad0a913a0b83abc
    master:
    master: ==================================================
    master:  Control Plane Initialization Completed
    master: ==================================================
==> master: Running provisioner: shell...
    master: Running: C:/Users/chand/AppData/Local/Temp/vagrant-shell20260801-17972-qjr9y3.sh
    master: ==================================================
    master:  Kubernetes Calico CNI Installation
    master: ==================================================
    master:
    master: ==================================================
    master:  [1/10] Checking kubectl
    master: ==================================================
    master: [OK] kubectl is installed.
    master: Client Version: v1.28.15
    master: Kustomize Version: v5.0.4-0.20230601165947-6ce0bf390ce3
    master:
    master: ==================================================
    master:  [2/10] Checking kubeconfig
    master: ==================================================
    master: [OK] Kubeconfig already exists.
    master:
    master: ==================================================
    master:  [3/10] Waiting for Kubernetes API
    master: ==================================================
    master: [OK] Kubernetes API is ready.
    master:
    master: ==================================================
    master:  [4/10] Verifying Kubernetes node
    master: ==================================================
    master: NAME     STATUS     ROLES           AGE   VERSION    INTERNAL-IP     EXTERNAL-IP   OS-IMAGE             KERNEL-VERSION       CONTAINER-RUNTIME
    master: master   NotReady   control-plane   18s   v1.28.15   192.168.56.10   <none>        Ubuntu 22.04.5 LTS   5.15.0-173-generic   containerd://2.2.1
    master: [INFO] Kubernetes InternalIP: 192.168.56.10
    master:
    master: [INFO] Checking Calico network interface...
    master: [OK] Interface enp0s8 exists.
    master: [OK] Host-only IP 192.168.56.10 is configured.
    master:
    master: ==================================================
    master:  [5/10] Downloading Calico manifest
    master: ==================================================
    master: [INFO] Calico version: v3.26.4
    master: [INFO] Downloading manifest...
    master: [OK] Calico manifest downloaded.
    master:
    master: ==================================================
    master:  [6/10] Configuring Calico IP autodetection
    master: ==================================================
    master: [INFO] Adding IP_AUTODETECTION_METHOD.
    master: [OK] Calico IP autodetection configured for enp0s8.
    master:
    master: ==================================================
    master:  [7/10] Checking existing Calico installation
    master: ==================================================
    master: [INFO] calico-node DaemonSet does not exist.
    master: [INFO] Calico controller does not exist.
    master:
    master: [WARNING] Calico is missing or incomplete.
    master:
    master: [INFO] Calico will be reconciled using:
    master: [INFO] Version: v3.26.4
    master:
    master: [INFO] Running server-side dry run...
    master: [OK] Calico manifest passed server-side validation.
    master:
    master: [INFO] Applying Calico manifest...
    master: poddisruptionbudget.policy/calico-kube-controllers created
    master: serviceaccount/calico-kube-controllers created
    master: serviceaccount/calico-node created
    master: serviceaccount/calico-cni-plugin created
    master: configmap/calico-config created
    master: customresourcedefinition.apiextensions.k8s.io/bgpconfigurations.crd.projectcalico.org created
    master: customresourcedefinition.apiextensions.k8s.io/bgpfilters.crd.projectcalico.org created
    master: customresourcedefinition.apiextensions.k8s.io/bgppeers.crd.projectcalico.org created
    master: customresourcedefinition.apiextensions.k8s.io/blockaffinities.crd.projectcalico.org created
    master: customresourcedefinition.apiextensions.k8s.io/caliconodestatuses.crd.projectcalico.org created
    master: customresourcedefinition.apiextensions.k8s.io/clusterinformations.crd.projectcalico.org created
    master: customresourcedefinition.apiextensions.k8s.io/felixconfigurations.crd.projectcalico.org created
    master: customresourcedefinition.apiextensions.k8s.io/globalnetworkpolicies.crd.projectcalico.org created
    master: customresourcedefinition.apiextensions.k8s.io/globalnetworksets.crd.projectcalico.org created
    master: customresourcedefinition.apiextensions.k8s.io/hostendpoints.crd.projectcalico.org created
    master: customresourcedefinition.apiextensions.k8s.io/ipamblocks.crd.projectcalico.org created
    master: customresourcedefinition.apiextensions.k8s.io/ipamconfigs.crd.projectcalico.org created
    master: customresourcedefinition.apiextensions.k8s.io/ipamhandles.crd.projectcalico.org created
    master: customresourcedefinition.apiextensions.k8s.io/ippools.crd.projectcalico.org created
    master: customresourcedefinition.apiextensions.k8s.io/ipreservations.crd.projectcalico.org created
    master: customresourcedefinition.apiextensions.k8s.io/kubecontrollersconfigurations.crd.projectcalico.org created
    master: customresourcedefinition.apiextensions.k8s.io/networkpolicies.crd.projectcalico.org created
    master: customresourcedefinition.apiextensions.k8s.io/networksets.crd.projectcalico.org created
    master: clusterrole.rbac.authorization.k8s.io/calico-kube-controllers created
    master: clusterrole.rbac.authorization.k8s.io/calico-node created
    master: clusterrole.rbac.authorization.k8s.io/calico-cni-plugin created
    master: clusterrolebinding.rbac.authorization.k8s.io/calico-kube-controllers created
    master: clusterrolebinding.rbac.authorization.k8s.io/calico-node created
    master: clusterrolebinding.rbac.authorization.k8s.io/calico-cni-plugin created
    master: daemonset.apps/calico-node created
    master: deployment.apps/calico-kube-controllers created
    master: [OK] Calico manifest applied.
    master:
    master: ==================================================
    master:  [8/10] Waiting for Calico nodes
    master: ==================================================
    master: [WAIT] Calico: 0/1 ready,  available - attempt 1/60
    master: [WAIT] Calico: 0/1 ready,  available - attempt 2/60
    master: [WAIT] Calico: 0/1 ready,  available - attempt 3/60
    master: [WAIT] Calico: 0/1 ready,  available - attempt 4/60
    master: [WAIT] Calico: 0/1 ready,  available - attempt 5/60
    master: [WAIT] Calico: 0/1 ready,  available - attempt 6/60
    master: [WAIT] Calico: 0/1 ready,  available - attempt 7/60
    master: [WAIT] Calico: 0/1 ready,  available - attempt 8/60
    master: [WAIT] Calico: 0/1 ready,  available - attempt 9/60
    master: [WAIT] Calico: 0/1 ready,  available - attempt 10/60
    master: [WAIT] Calico: 0/1 ready,  available - attempt 11/60
    master: [WAIT] Calico: 0/1 ready,  available - attempt 12/60
    master: [WAIT] Calico: 0/1 ready,  available - attempt 13/60
    master: [WAIT] Calico: 0/1 ready,  available - attempt 14/60
    master: [WAIT] Calico: 0/1 ready,  available - attempt 15/60
    master: [WAIT] Calico: 1/1 ready, 1 available - attempt 16/60
    master: [OK] All Calico nodes are ready.
    master:
    master: [INFO] Waiting for Calico controller...
    master: Waiting for deployment "calico-kube-controllers" rollout to finish: 0 of 1 updated replicas are available...
    master: deployment "calico-kube-controllers" successfully rolled out
    master: [OK] Calico controller is ready.
    master:
    master: ==================================================
    master:  [9/10] Waiting for CoreDNS
    master: ==================================================
    master: pod/coredns-5dd5756b68-hs2gn condition met
    master: pod/coredns-5dd5756b68-l489k condition met
    master: [OK] CoreDNS is ready.
    master:
    master: ==================================================
    master:  [10/10] Final Kubernetes Networking Verification
    master: ==================================================
    master:
    master: -------------------- Nodes -----------------------
    master: NAME     STATUS   ROLES           AGE     VERSION    INTERNAL-IP     EXTERNAL-IP   OS-IMAGE             KERNEL-VERSION       CONTAINER-RUNTIME
    master: master   Ready    control-plane   3m23s   v1.28.15   192.168.56.10   <none>        Ubuntu 22.04.5 LTS   5.15.0-173-generic   containerd://2.2.1
    master:
    master: -------------------- Calico ----------------------
    master: NAME          DESIRED   CURRENT   READY   UP-TO-DATE   AVAILABLE   NODE SELECTOR            AGE     CONTAINERS    IMAGES                          SELECTOR
    master: calico-node   1         1         1       1            1           kubernetes.io/os=linux   2m35s   calico-node   docker.io/calico/node:v3.26.4   k8s-app=calico-node
    master:
    master: NAME                READY   STATUS    RESTARTS   AGE     IP              NODE     NOMINATED NODE   READINESS GATES
    master: calico-node-q56rb   1/1     Running   0          2m35s   192.168.56.10   master   <none>           <none>
    master:
    master: ---------------- Calico Controller ---------------
    master: NAME                      READY   UP-TO-DATE   AVAILABLE   AGE     CONTAINERS                IMAGES                                      SELECTOR
    master: calico-kube-controllers   1/1     1            1           2m36s   calico-kube-controllers   docker.io/calico/kube-controllers:v3.26.4   k8s-app=calico-kube-controllers
    master:
    master: -------------------- CoreDNS ----------------------
    master: NAME                       READY   STATUS    RESTARTS   AGE    IP               NODE     NOMINATED NODE   READINESS GATES
    master: coredns-5dd5756b68-hs2gn   1/1     Running   0          3m4s   192.168.219.65   master   <none>           <none>
    master: coredns-5dd5756b68-l489k   1/1     Running   0          3m3s   192.168.219.67   master   <none>           <none>
    master:
    master: ---------------- Calico Node IP -------------------
    master: 192.168.56.10/24
    master:
    master: ==================================================
    master:  Calico installation completed successfully
    master: ==================================================
    master:
    master: Calico version:
    master: v3.26.4
    master:
    master: Calico interface:
    master: enp0s8
    master:
    master: Expected node IP:
    master: 192.168.56.10
    master:
    master: ==================================================
==> worker1: Importing base box 'ubuntu/jammy64'...
==> worker1: Matching MAC address for NAT networking...
==> worker1: Checking if box 'ubuntu/jammy64' version '20241002.0.0' is up to date...
==> worker1: Setting the name of the VM: k8s-worker1
==> worker1: Fixed port collision for 22 => 2222. Now on port 2200.
==> worker1: Clearing any previously set network interfaces...
==> worker1: Preparing network interfaces based on configuration...
    worker1: Adapter 1: nat
    worker1: Adapter 2: hostonly
==> worker1: Forwarding ports...
    worker1: 22 (guest) => 2200 (host) (adapter 1)
==> worker1: Running 'pre-boot' VM customizations...
==> worker1: Booting VM...
==> worker1: Waiting for machine to boot. This may take a few minutes...
    worker1: SSH address: 127.0.0.1:2200
    worker1: SSH username: vagrant
    worker1: SSH auth method: private key
    worker1: Warning: Connection reset. Retrying...
    worker1: Warning: Connection aborted. Retrying...
    worker1: Warning: Connection reset. Retrying...
    worker1: Warning: Connection aborted. Retrying...
==> worker1: Machine booted and ready!
==> worker1: Checking for guest additions in VM...
    worker1: The guest additions on this VM do not match the installed version of
    worker1: VirtualBox! In most cases this is fine, but in rare cases it can
    worker1: prevent things such as shared folders from working properly. If you see
    worker1: shared folder errors, please make sure the guest additions within the
    worker1: virtual machine match the version of VirtualBox you have installed on
    worker1: your host and reload your VM.
    worker1:
    worker1: Guest Additions Version: 6.0.0 r127566
    worker1: VirtualBox Version: 7.2
==> worker1: Setting hostname...
==> worker1: Configuring and enabling network interfaces...
==> worker1: Mounting shared folders...
    worker1: E:/k8s-vagrant-cluster/data => /vagrant/data
==> worker1: Running provisioner: shell...
    worker1: Running: C:/Users/chand/AppData/Local/Temp/vagrant-shell20260801-17972-trvt8k.sh
    worker1: ==================================================
    worker1:  Kubernetes Common Node Provisioning
    worker1: ==================================================
    worker1: Node : worker1
    worker1: Role : worker
    worker1: ==================================================
    worker1: [1/10] Updating package information...
    worker1: Get:1 http://security.ubuntu.com/ubuntu jammy-security InRelease [129 kB]
    worker1: Hit:2 http://archive.ubuntu.com/ubuntu jammy InRelease
    worker1: Get:3 http://archive.ubuntu.com/ubuntu jammy-updates InRelease [128 kB]
    worker1: Get:4 http://archive.ubuntu.com/ubuntu jammy-backports InRelease [127 kB]
    worker1: Get:5 http://archive.ubuntu.com/ubuntu jammy/universe amd64 Packages [14.1 MB]
    worker1: Get:6 http://security.ubuntu.com/ubuntu jammy-security/main amd64 Packages [3414 kB]
    worker1: Get:7 http://security.ubuntu.com/ubuntu jammy-security/main Translation-en [482 kB]
    worker1: Get:8 http://security.ubuntu.com/ubuntu jammy-security/main amd64 c-n-f Metadata [14.7 kB]
    worker1: Get:9 http://security.ubuntu.com/ubuntu jammy-security/restricted amd64 Packages [6110 kB]
    worker1: Get:10 http://archive.ubuntu.com/ubuntu jammy/universe Translation-en [5652 kB]
    worker1: Get:11 http://security.ubuntu.com/ubuntu jammy-security/restricted Translation-en [1173 kB]
    worker1: Get:12 http://security.ubuntu.com/ubuntu jammy-security/restricted amd64 c-n-f Metadata [600 B]
    worker1: Get:13 http://security.ubuntu.com/ubuntu jammy-security/universe amd64 Packages [1046 kB]
    worker1: Get:14 http://security.ubuntu.com/ubuntu jammy-security/universe Translation-en [234 kB]
    worker1: Get:15 http://archive.ubuntu.com/ubuntu jammy/universe amd64 c-n-f Metadata [286 kB]
    worker1: Get:16 http://archive.ubuntu.com/ubuntu jammy/multiverse amd64 Packages [217 kB]
    worker1: Get:17 http://archive.ubuntu.com/ubuntu jammy/multiverse Translation-en [112 kB]
    worker1: Get:18 http://security.ubuntu.com/ubuntu jammy-security/universe amd64 c-n-f Metadata [23.2 kB]
    worker1: Get:19 http://archive.ubuntu.com/ubuntu jammy/multiverse amd64 c-n-f Metadata [8372 B]
    worker1: Get:20 http://archive.ubuntu.com/ubuntu jammy-updates/main amd64 Packages [3683 kB]
    worker1: Get:21 http://security.ubuntu.com/ubuntu jammy-security/multiverse amd64 Packages [69.1 kB]
    worker1: Get:22 http://security.ubuntu.com/ubuntu jammy-security/multiverse Translation-en [12.9 kB]
    worker1: Get:23 http://security.ubuntu.com/ubuntu jammy-security/multiverse amd64 c-n-f Metadata [544 B]
    worker1: Get:24 http://archive.ubuntu.com/ubuntu jammy-updates/main Translation-en [552 kB]
    worker1: Get:25 http://archive.ubuntu.com/ubuntu jammy-updates/main amd64 c-n-f Metadata [20.1 kB]
    worker1: Get:26 http://archive.ubuntu.com/ubuntu jammy-updates/restricted amd64 Packages [6346 kB]
    worker1: Get:27 http://archive.ubuntu.com/ubuntu jammy-updates/restricted Translation-en [1215 kB]
    worker1: Get:28 http://archive.ubuntu.com/ubuntu jammy-updates/restricted amd64 c-n-f Metadata [584 B]
    worker1: Get:29 http://archive.ubuntu.com/ubuntu jammy-updates/universe amd64 Packages [1279 kB]
    worker1: Get:30 http://archive.ubuntu.com/ubuntu jammy-updates/universe Translation-en [322 kB]
    worker1: Get:31 http://archive.ubuntu.com/ubuntu jammy-updates/universe amd64 c-n-f Metadata [30.8 kB]
    worker1: Get:32 http://archive.ubuntu.com/ubuntu jammy-updates/multiverse amd64 Packages [76.5 kB]
    worker1: Get:33 http://archive.ubuntu.com/ubuntu jammy-updates/multiverse Translation-en [15.9 kB]
    worker1: Get:34 http://archive.ubuntu.com/ubuntu jammy-updates/multiverse amd64 c-n-f Metadata [756 B]
    worker1: Get:35 http://archive.ubuntu.com/ubuntu jammy-backports/main amd64 Packages [70.2 kB]
    worker1: Get:36 http://archive.ubuntu.com/ubuntu jammy-backports/main Translation-en [11.4 kB]
    worker1: Get:37 http://archive.ubuntu.com/ubuntu jammy-backports/main amd64 c-n-f Metadata [412 B]
    worker1: Get:38 http://archive.ubuntu.com/ubuntu jammy-backports/restricted amd64 c-n-f Metadata [116 B]
    worker1: Get:39 http://archive.ubuntu.com/ubuntu jammy-backports/universe amd64 Packages [30.8 kB]
    worker1: Get:40 http://archive.ubuntu.com/ubuntu jammy-backports/universe Translation-en [16.9 kB]
    worker1: Get:41 http://archive.ubuntu.com/ubuntu jammy-backports/universe amd64 c-n-f Metadata [676 B]
    worker1: Get:42 http://archive.ubuntu.com/ubuntu jammy-backports/multiverse amd64 c-n-f Metadata [116 B]
    worker1: Fetched 47.0 MB in 38s (1250 kB/s)
    worker1: Reading package lists...
    worker1: [2/10] Disabling swap...
    worker1: [3/10] Loading kernel modules...
    worker1: [4/10] Configuring Kubernetes networking...
    worker1: * Applying /etc/sysctl.d/10-console-messages.conf ...
    worker1: kernel.printk = 4 4 1 7
    worker1: * Applying /etc/sysctl.d/10-ipv6-privacy.conf ...
    worker1: net.ipv6.conf.all.use_tempaddr = 2
    worker1: net.ipv6.conf.default.use_tempaddr = 2
    worker1: * Applying /etc/sysctl.d/10-kernel-hardening.conf ...
    worker1: kernel.kptr_restrict = 1
    worker1: * Applying /etc/sysctl.d/10-magic-sysrq.conf ...
    worker1: kernel.sysrq = 176
    worker1: * Applying /etc/sysctl.d/10-network-security.conf ...
    worker1: net.ipv4.conf.default.rp_filter = 2
    worker1: net.ipv4.conf.all.rp_filter = 2
    worker1: * Applying /etc/sysctl.d/10-ptrace.conf ...
    worker1: kernel.yama.ptrace_scope = 1
    worker1: * Applying /etc/sysctl.d/10-zeropage.conf ...
    worker1: vm.mmap_min_addr = 65536
    worker1: * Applying /usr/lib/sysctl.d/50-default.conf ...
    worker1: kernel.core_uses_pid = 1
    worker1: net.ipv4.conf.default.rp_filter = 2
    worker1: net.ipv4.conf.default.accept_source_route = 0
    worker1: sysctl: setting key "net.ipv4.conf.all.accept_source_route": Invalid argument
    worker1: net.ipv4.conf.default.promote_secondaries = 1
    worker1: sysctl: setting key "net.ipv4.conf.all.promote_secondaries": Invalid argument
    worker1: net.ipv4.ping_group_range = 0 2147483647
    worker1: net.core.default_qdisc = fq_codel
    worker1: fs.protected_hardlinks = 1
    worker1: fs.protected_symlinks = 1
    worker1: fs.protected_regular = 1
    worker1: fs.protected_fifos = 1
    worker1: * Applying /usr/lib/sysctl.d/50-pid-max.conf ...
    worker1: kernel.pid_max = 4194304
    worker1: * Applying /etc/sysctl.d/99-cloudimg-ipv6.conf ...
    worker1: net.ipv6.conf.all.use_tempaddr = 0
    worker1: net.ipv6.conf.default.use_tempaddr = 0
    worker1: * Applying /usr/lib/sysctl.d/99-protect-links.conf ...
    worker1: fs.protected_fifos = 1
    worker1: fs.protected_hardlinks = 1
    worker1: fs.protected_regular = 2
    worker1: fs.protected_symlinks = 1
    worker1: * Applying /etc/sysctl.d/99-sysctl.conf ...
    worker1: * Applying /etc/sysctl.d/k8s.conf ...
    worker1: net.bridge.bridge-nf-call-iptables = 1
    worker1: net.bridge.bridge-nf-call-ip6tables = 1
    worker1: net.ipv4.ip_forward = 1
    worker1: * Applying /etc/sysctl.conf ...
    worker1: [5/10] Installing required packages...
    worker1: Reading package lists...
    worker1: Building dependency tree...
    worker1: Reading state information...
    worker1: gpg is already the newest version (2.2.27-3ubuntu2.5).
    worker1: gpg set to manually installed.
    worker1: software-properties-common is already the newest version (0.99.22.9).
    worker1: software-properties-common set to manually installed.
    worker1: The following additional packages will be installed:
    worker1:   libcurl4
    worker1: The following NEW packages will be installed:
    worker1:   apt-transport-https conntrack socat
    worker1: The following packages will be upgraded:
    worker1:   ca-certificates curl libcurl4
    worker1: 3 upgraded, 3 newly installed, 0 to remove and 109 not upgraded.
    worker1: Need to get 1010 kB of archives.
    worker1: After this operation, 1603 kB of additional disk space will be used.
    worker1: Get:1 http://archive.ubuntu.com/ubuntu jammy-updates/main amd64 ca-certificates all 20260601~22.04.1 [141 kB]
    worker1: Get:2 http://archive.ubuntu.com/ubuntu jammy-updates/universe amd64 apt-transport-https all 2.4.14 [1510 B]
    worker1: Get:3 http://archive.ubuntu.com/ubuntu jammy/main amd64 conntrack amd64 1:1.4.6-2build2 [33.5 kB]
    worker1: Get:4 http://archive.ubuntu.com/ubuntu jammy-updates/main amd64 curl amd64 7.81.0-1ubuntu1.25 [194 kB]
    worker1: Get:5 http://archive.ubuntu.com/ubuntu jammy-updates/main amd64 libcurl4 amd64 7.81.0-1ubuntu1.25 [291 kB]
    worker1: Get:6 http://archive.ubuntu.com/ubuntu jammy/main amd64 socat amd64 1.7.4.1-3ubuntu4 [349 kB]
    worker1: dpkg-preconfigure: unable to re-open stdin: No such file or directory
    worker1: Fetched 1010 kB in 3s (393 kB/s)
(Reading database ... 64341 files and directories currently installed.)
    worker1: Preparing to unpack .../0-ca-certificates_20260601~22.04.1_all.deb ...
    worker1: Unpacking ca-certificates (20260601~22.04.1) over (20240203~22.04.1) ...
    worker1: Selecting previously unselected package apt-transport-https.
    worker1: Preparing to unpack .../1-apt-transport-https_2.4.14_all.deb ...
    worker1: Unpacking apt-transport-https (2.4.14) ...
    worker1: Selecting previously unselected package conntrack.
    worker1: Preparing to unpack .../2-conntrack_1%3a1.4.6-2build2_amd64.deb ...
    worker1: Unpacking conntrack (1:1.4.6-2build2) ...
    worker1: Preparing to unpack .../3-curl_7.81.0-1ubuntu1.25_amd64.deb ...
    worker1: Unpacking curl (7.81.0-1ubuntu1.25) over (7.81.0-1ubuntu1.23) ...
    worker1: Preparing to unpack .../4-libcurl4_7.81.0-1ubuntu1.25_amd64.deb ...
    worker1: Unpacking libcurl4:amd64 (7.81.0-1ubuntu1.25) over (7.81.0-1ubuntu1.23) ...
    worker1: Selecting previously unselected package socat.
    worker1: Preparing to unpack .../5-socat_1.7.4.1-3ubuntu4_amd64.deb ...
    worker1: Unpacking socat (1.7.4.1-3ubuntu4) ...
    worker1: Setting up apt-transport-https (2.4.14) ...
    worker1: Setting up conntrack (1:1.4.6-2build2) ...
    worker1: Setting up ca-certificates (20260601~22.04.1) ...
    worker1: Updating certificates in /etc/ssl/certs...
    worker1: rehash: warning: skipping ca-certificates.crt,it does not contain exactly one certificate or CRL
    worker1: 14 added, 39 removed; done.
    worker1: Setting up socat (1.7.4.1-3ubuntu4) ...
    worker1: Setting up libcurl4:amd64 (7.81.0-1ubuntu1.25) ...
    worker1: Setting up curl (7.81.0-1ubuntu1.25) ...
    worker1: Processing triggers for man-db (2.10.2-1) ...
    worker1: Processing triggers for libc-bin (2.35-0ubuntu3.13) ...
    worker1: Processing triggers for ca-certificates (20260601~22.04.1) ...
    worker1: Updating certificates in /etc/ssl/certs...
    worker1: 0 added, 0 removed; done.
    worker1: Running hooks in /etc/ca-certificates/update.d...
    worker1: done.
    worker1:
    worker1: Running kernel seems to be up-to-date.
    worker1:
    worker1: No services need to be restarted.
    worker1:
    worker1: No containers need to be restarted.
    worker1:
    worker1: No user sessions are running outdated binaries.
    worker1:
    worker1: No VM guests are running outdated hypervisor (qemu) binaries on this host.
    worker1: [6/10] Installing containerd...
    worker1: Reading package lists...
    worker1: Building dependency tree...
    worker1: Reading state information...
    worker1: The following additional packages will be installed:
    worker1:   runc
    worker1: The following NEW packages will be installed:
    worker1:   containerd runc
    worker1: 0 upgraded, 2 newly installed, 0 to remove and 109 not upgraded.
    worker1: Need to get 37.8 MB of archives.
    worker1: After this operation, 140 MB of additional disk space will be used.
    worker1: Get:1 http://archive.ubuntu.com/ubuntu jammy-updates/main amd64 runc amd64 1.3.4-0ubuntu1~22.04.1 [9569 kB]
    worker1: Get:2 http://archive.ubuntu.com/ubuntu jammy-updates/main amd64 containerd amd64 2.2.1-0ubuntu1~22.04.2 [28.3 MB]
    worker1: dpkg-preconfigure: unable to re-open stdin: No such file or directory
    worker1: Fetched 37.8 MB in 6s (6754 kB/s)
    worker1: Selecting previously unselected package runc.
(Reading database ... 64365 files and directories currently installed.)
    worker1: Preparing to unpack .../runc_1.3.4-0ubuntu1~22.04.1_amd64.deb ...
    worker1: Unpacking runc (1.3.4-0ubuntu1~22.04.1) ...
    worker1: Selecting previously unselected package containerd.
    worker1: Preparing to unpack .../containerd_2.2.1-0ubuntu1~22.04.2_amd64.deb ...
    worker1: Unpacking containerd (2.2.1-0ubuntu1~22.04.2) ...
    worker1: Setting up runc (1.3.4-0ubuntu1~22.04.1) ...
    worker1: Setting up containerd (2.2.1-0ubuntu1~22.04.2) ...
    worker1: Created symlink /etc/systemd/system/multi-user.target.wants/containerd.service → /lib/systemd/system/containerd.service.
    worker1: Processing triggers for man-db (2.10.2-1) ...
    worker1:
    worker1: Running kernel seems to be up-to-date.
    worker1:
    worker1: No services need to be restarted.
    worker1:
    worker1: No containers need to be restarted.
    worker1:
    worker1: No user sessions are running outdated binaries.
    worker1:
    worker1: No VM guests are running outdated hypervisor (qemu) binaries on this host.
    worker1: [7/10] Configuring containerd...
    worker1: [8/10] Configuring Kubernetes repository...
    worker1: Hit:1 http://security.ubuntu.com/ubuntu jammy-security InRelease
    worker1: Hit:2 http://archive.ubuntu.com/ubuntu jammy InRelease
    worker1: Hit:4 http://archive.ubuntu.com/ubuntu jammy-updates InRelease
    worker1: Get:3 https://prod-cdn.packages.k8s.io/repositories/isv:/kubernetes:/core:/stable:/v1.28/deb  InRelease [1192 B]
    worker1: Hit:5 http://archive.ubuntu.com/ubuntu jammy-backports InRelease
    worker1: Get:6 https://prod-cdn.packages.k8s.io/repositories/isv:/kubernetes:/core:/stable:/v1.28/deb  Packages [21.3 kB]
    worker1: Fetched 22.5 kB in 5s (4471 B/s)
    worker1: Reading package lists...
    worker1: [9/10] Installing Kubernetes components...
    worker1: Reading package lists...
    worker1: Building dependency tree...
    worker1: Reading state information...
    worker1: The following additional packages will be installed:
    worker1:   cri-tools kubernetes-cni
    worker1: The following NEW packages will be installed:
    worker1:   cri-tools kubeadm kubectl kubelet kubernetes-cni
    worker1: 0 upgraded, 5 newly installed, 0 to remove and 109 not upgraded.
    worker1: Need to get 87.4 MB of archives.
    worker1: After this operation, 335 MB of additional disk space will be used.
    worker1: Get:1 https://prod-cdn.packages.k8s.io/repositories/isv:/kubernetes:/core:/stable:/v1.28/deb  cri-tools 1.28.0-1.1 [19.6 MB]
    worker1: Get:2 https://prod-cdn.packages.k8s.io/repositories/isv:/kubernetes:/core:/stable:/v1.28/deb  kubernetes-cni 1.2.0-2.1 [27.6 MB]
    worker1: Get:3 https://prod-cdn.packages.k8s.io/repositories/isv:/kubernetes:/core:/stable:/v1.28/deb  kubelet 1.28.15-1.1 [19.6 MB]
    worker1: Get:4 https://prod-cdn.packages.k8s.io/repositories/isv:/kubernetes:/core:/stable:/v1.28/deb  kubectl 1.28.15-1.1 [10.4 MB]
    worker1: Get:5 https://prod-cdn.packages.k8s.io/repositories/isv:/kubernetes:/core:/stable:/v1.28/deb  kubeadm 1.28.15-1.1 [10.1 MB]
    worker1: dpkg-preconfigure: unable to re-open stdin: No such file or directory
    worker1: Fetched 87.4 MB in 8s (11.1 MB/s)
    worker1: Selecting previously unselected package cri-tools.
(Reading database ... 64429 files and directories currently installed.)
    worker1: Preparing to unpack .../cri-tools_1.28.0-1.1_amd64.deb ...
    worker1: Unpacking cri-tools (1.28.0-1.1) ...
    worker1: Selecting previously unselected package kubernetes-cni.
    worker1: Preparing to unpack .../kubernetes-cni_1.2.0-2.1_amd64.deb ...
    worker1: Unpacking kubernetes-cni (1.2.0-2.1) ...
    worker1: Selecting previously unselected package kubelet.
    worker1: Preparing to unpack .../kubelet_1.28.15-1.1_amd64.deb ...
    worker1: Unpacking kubelet (1.28.15-1.1) ...
    worker1: Selecting previously unselected package kubectl.
    worker1: Preparing to unpack .../kubectl_1.28.15-1.1_amd64.deb ...
    worker1: Unpacking kubectl (1.28.15-1.1) ...
    worker1: Selecting previously unselected package kubeadm.
    worker1: Preparing to unpack .../kubeadm_1.28.15-1.1_amd64.deb ...
    worker1: Unpacking kubeadm (1.28.15-1.1) ...
    worker1: Setting up kubectl (1.28.15-1.1) ...
    worker1: Setting up cri-tools (1.28.0-1.1) ...
    worker1: Setting up kubernetes-cni (1.2.0-2.1) ...
    worker1: Setting up kubelet (1.28.15-1.1) ...
    worker1: Setting up kubeadm (1.28.15-1.1) ...
    worker1:
    worker1: Running kernel seems to be up-to-date.
    worker1:
    worker1: No services need to be restarted.
    worker1:
    worker1: No containers need to be restarted.
    worker1:
    worker1: No user sessions are running outdated binaries.
    worker1:
    worker1: No VM guests are running outdated hypervisor (qemu) binaries on this host.
    worker1: kubelet set on hold.
    worker1: kubeadm set on hold.
    worker1: kubectl set on hold.
    worker1: [10/10] Enabling kubelet...
    worker1:
    worker1: ==================================================
    worker1:  Common Provisioning Completed Successfully
    worker1: ==================================================
    worker1: Node:
    worker1: worker1
    worker1:
    worker1: Container runtime:
    worker1: active
    worker1:
    worker1: Kubernetes versions:
    worker1: v1.28.15
    worker1: Client Version: v1.28.15
    worker1: Kustomize Version: v5.0.4-0.20230601165947-6ce0bf390ce3
    worker1:
    worker1: Swap:
    worker1:                total        used        free      shared  buff/cache   available
    worker1: Mem:           1.9Gi       198Mi       339Mi       0.0Ki       1.4Gi       1.6Gi
    worker1: Swap:             0B          0B          0B
    worker1:
    worker1: ==================================================
==> worker1: Running provisioner: shell...
    worker1: Running: C:/Users/chand/AppData/Local/Temp/vagrant-shell20260801-17972-auvctw.sh
    worker1: ==================================================
    worker1:  Worker Node Preparation
    worker1: ==================================================
    worker1: Node: worker1
    worker1: ==================================================
    worker1: [INFO] Detecting Kubernetes node IP...
    worker1: [OK] Detected node IP: 192.168.56.11
    worker1: [INFO] Checking containerd...
    worker1: [OK] containerd is running.
    worker1: [INFO] Checking kubeadm...
    worker1: [OK] kubeadm is installed.
    worker1: v1.28.15
    worker1: [INFO] Checking kubelet...
    worker1: [OK] kubelet is installed.
    worker1: Kubernetes v1.28.15
    worker1: [INFO] Configuring kubelet node IP...
    worker1:
    worker1: ==================================================
    worker1:  Worker Node Preparation Completed
    worker1: ==================================================
    worker1: Hostname:
    worker1: worker1
    worker1:
    worker1: Detected Kubernetes IP:
    worker1: 192.168.56.11
    worker1:
    worker1: Host-only addresses:
    worker1:     inet 192.168.56.11/24 brd 192.168.56.255 scope global enp0s8
    worker1:
    worker1: Kubernetes version:
    worker1: v1.28.15
    worker1:
    worker1: ==================================================
==> worker1: Running provisioner: shell...
    worker1: Running: C:/Users/chand/AppData/Local/Temp/vagrant-shell20260801-17972-godcmj.sh
    worker1: ==================================================
    worker1:  Kubernetes Worker Node Join
    worker1: ==================================================
    worker1: [INFO] Worker: worker1
    worker1: [INFO] Waiting for join command...
    worker1: [INFO] Join command found.
    worker1: [INFO] Checking Kubernetes API connectivity...
    worker1: [INFO] Kubernetes API is reachable.
    worker1:
    worker1: [INFO] Join command:
    worker1: #!/bin/bash
    worker1: kubeadm join 192.168.56.10:6443 --token re9lo4.0n3djy1czp7nt1ca --discovery-token-ca-cert-hash sha256:6bd3c83f49e2666219784a360bc1568e8035448bb877dfa27ad0a913a0b83abc
    worker1:
    worker1: [INFO] Joining Kubernetes cluster...
    worker1: [preflight] Running pre-flight checks
    worker1: [preflight] Reading configuration from the cluster...
    worker1: [preflight] FYI: You can look at this config file with 'kubectl -n kube-system get cm kubeadm-config -o yaml'
    worker1: [kubelet-start] Writing kubelet configuration to file "/var/lib/kubelet/config.yaml"
    worker1: [kubelet-start] Writing kubelet environment file with flags to file "/var/lib/kubelet/kubeadm-flags.env"
    worker1: [kubelet-start] Starting the kubelet
    worker1: [kubelet-start] Waiting for the kubelet to perform the TLS Bootstrap...
    worker1:
    worker1: This node has joined the cluster:
    worker1: * Certificate signing request was sent to apiserver and a response was received.
    worker1: * The Kubelet was informed of the new secure connection details.
    worker1:
    worker1: Run 'kubectl get nodes' on the control-plane to see this node join the cluster.
    worker1:
    worker1:
    worker1: [INFO] Checking kubelet...
    worker1: [INFO] kubelet is running.
    worker1:
    worker1: ==================================================
    worker1:  Worker Successfully Joined
    worker1: ==================================================
    worker1: [INFO] Worker: worker1
    worker1:
    worker1: ==================================================
    worker1:  Worker Join Completed
    worker1: ==================================================
==> worker2: Importing base box 'ubuntu/jammy64'...
==> worker2: Matching MAC address for NAT networking...
==> worker2: Checking if box 'ubuntu/jammy64' version '20241002.0.0' is up to date...
==> worker2: Setting the name of the VM: k8s-worker2
==> worker2: Fixed port collision for 22 => 2222. Now on port 2201.
==> worker2: Clearing any previously set network interfaces...
==> worker2: Preparing network interfaces based on configuration...
    worker2: Adapter 1: nat
    worker2: Adapter 2: hostonly
==> worker2: Forwarding ports...
    worker2: 22 (guest) => 2201 (host) (adapter 1)
==> worker2: Running 'pre-boot' VM customizations...
==> worker2: Booting VM...
==> worker2: Waiting for machine to boot. This may take a few minutes...
    worker2: SSH address: 127.0.0.1:2201
    worker2: SSH username: vagrant
    worker2: SSH auth method: private key
    worker2: Warning: Connection reset. Retrying...
    worker2: Warning: Connection aborted. Retrying...
    worker2: Warning: Connection aborted. Retrying...
    worker2: Warning: Connection reset. Retrying...
==> worker2: Machine booted and ready!
==> worker2: Checking for guest additions in VM...
    worker2: The guest additions on this VM do not match the installed version of
    worker2: VirtualBox! In most cases this is fine, but in rare cases it can
    worker2: prevent things such as shared folders from working properly. If you see
    worker2: shared folder errors, please make sure the guest additions within the
    worker2: virtual machine match the version of VirtualBox you have installed on
    worker2: your host and reload your VM.
    worker2:
    worker2: Guest Additions Version: 6.0.0 r127566
    worker2: VirtualBox Version: 7.2
==> worker2: Setting hostname...
==> worker2: Configuring and enabling network interfaces...
==> worker2: Mounting shared folders...
    worker2: E:/k8s-vagrant-cluster/data => /vagrant/data
==> worker2: Running provisioner: shell...
    worker2: Running: C:/Users/chand/AppData/Local/Temp/vagrant-shell20260801-17972-xyhlxr.sh
    worker2: ==================================================
    worker2:  Kubernetes Common Node Provisioning
    worker2: ==================================================
    worker2: Node : worker2
    worker2: Role : worker
    worker2: ==================================================
    worker2: [1/10] Updating package information...
    worker2: Hit:1 http://archive.ubuntu.com/ubuntu jammy InRelease
    worker2: Get:2 http://archive.ubuntu.com/ubuntu jammy-updates InRelease [128 kB]
    worker2: Get:3 http://security.ubuntu.com/ubuntu jammy-security InRelease [129 kB]
    worker2: Get:4 http://archive.ubuntu.com/ubuntu jammy-backports InRelease [127 kB]
    worker2: Get:5 http://archive.ubuntu.com/ubuntu jammy/universe amd64 Packages [14.1 MB]
    worker2: Get:6 http://archive.ubuntu.com/ubuntu jammy/universe Translation-en [5652 kB]
    worker2: Get:7 http://archive.ubuntu.com/ubuntu jammy/universe amd64 c-n-f Metadata [286 kB]
    worker2: Get:8 http://archive.ubuntu.com/ubuntu jammy/multiverse amd64 Packages [217 kB]
    worker2: Get:9 http://archive.ubuntu.com/ubuntu jammy/multiverse Translation-en [112 kB]
    worker2: Get:10 http://archive.ubuntu.com/ubuntu jammy/multiverse amd64 c-n-f Metadata [8372 B]
    worker2: Get:11 http://archive.ubuntu.com/ubuntu jammy-updates/main amd64 Packages [3683 kB]
    worker2: Get:12 http://archive.ubuntu.com/ubuntu jammy-updates/main Translation-en [552 kB]
    worker2: Get:13 http://archive.ubuntu.com/ubuntu jammy-updates/main amd64 c-n-f Metadata [20.1 kB]
    worker2: Get:14 http://archive.ubuntu.com/ubuntu jammy-updates/restricted amd64 Packages [6346 kB]
    worker2: Get:15 http://archive.ubuntu.com/ubuntu jammy-updates/restricted Translation-en [1215 kB]
    worker2: Get:16 http://archive.ubuntu.com/ubuntu jammy-updates/restricted amd64 c-n-f Metadata [584 B]
    worker2: Get:17 http://archive.ubuntu.com/ubuntu jammy-updates/universe amd64 Packages [1279 kB]
    worker2: Get:18 http://archive.ubuntu.com/ubuntu jammy-updates/universe Translation-en [322 kB]
    worker2: Get:19 http://archive.ubuntu.com/ubuntu jammy-updates/universe amd64 c-n-f Metadata [30.8 kB]
    worker2: Get:20 http://archive.ubuntu.com/ubuntu jammy-updates/multiverse amd64 Packages [76.5 kB]
    worker2: Get:21 http://archive.ubuntu.com/ubuntu jammy-updates/multiverse Translation-en [15.9 kB]
    worker2: Get:22 http://archive.ubuntu.com/ubuntu jammy-updates/multiverse amd64 c-n-f Metadata [756 B]
    worker2: Get:23 http://archive.ubuntu.com/ubuntu jammy-backports/main amd64 Packages [70.2 kB]
    worker2: Get:24 http://archive.ubuntu.com/ubuntu jammy-backports/main Translation-en [11.4 kB]
    worker2: Get:25 http://archive.ubuntu.com/ubuntu jammy-backports/main amd64 c-n-f Metadata [412 B]
    worker2: Get:26 http://archive.ubuntu.com/ubuntu jammy-backports/restricted amd64 c-n-f Metadata [116 B]
    worker2: Get:27 http://archive.ubuntu.com/ubuntu jammy-backports/universe amd64 Packages [30.8 kB]
    worker2: Get:28 http://archive.ubuntu.com/ubuntu jammy-backports/universe Translation-en [16.9 kB]
    worker2: Get:29 http://archive.ubuntu.com/ubuntu jammy-backports/universe amd64 c-n-f Metadata [676 B]
    worker2: Get:30 http://archive.ubuntu.com/ubuntu jammy-backports/multiverse amd64 c-n-f Metadata [116 B]
    worker2: Get:31 http://security.ubuntu.com/ubuntu jammy-security/main amd64 Packages [3414 kB]
    worker2: Get:32 http://security.ubuntu.com/ubuntu jammy-security/main Translation-en [482 kB]
    worker2: Get:33 http://security.ubuntu.com/ubuntu jammy-security/main amd64 c-n-f Metadata [14.7 kB]
    worker2: Get:34 http://security.ubuntu.com/ubuntu jammy-security/restricted amd64 Packages [6110 kB]
    worker2: Get:35 http://security.ubuntu.com/ubuntu jammy-security/restricted Translation-en [1173 kB]
    worker2: Get:36 http://security.ubuntu.com/ubuntu jammy-security/restricted amd64 c-n-f Metadata [600 B]
    worker2: Get:37 http://security.ubuntu.com/ubuntu jammy-security/universe amd64 Packages [1046 kB]
    worker2: Get:38 http://security.ubuntu.com/ubuntu jammy-security/universe Translation-en [234 kB]
    worker2: Get:39 http://security.ubuntu.com/ubuntu jammy-security/universe amd64 c-n-f Metadata [23.2 kB]
    worker2: Get:40 http://security.ubuntu.com/ubuntu jammy-security/multiverse amd64 Packages [69.1 kB]
    worker2: Get:41 http://security.ubuntu.com/ubuntu jammy-security/multiverse Translation-en [12.9 kB]
    worker2: Get:42 http://security.ubuntu.com/ubuntu jammy-security/multiverse amd64 c-n-f Metadata [544 B]
    worker2: Fetched 47.0 MB in 39s (1199 kB/s)
    worker2: Reading package lists...
    worker2: [2/10] Disabling swap...
    worker2: [3/10] Loading kernel modules...
    worker2: [4/10] Configuring Kubernetes networking...
    worker2: * Applying /etc/sysctl.d/10-console-messages.conf ...
    worker2: kernel.printk = 4 4 1 7
    worker2: * Applying /etc/sysctl.d/10-ipv6-privacy.conf ...
    worker2: net.ipv6.conf.all.use_tempaddr = 2
    worker2: net.ipv6.conf.default.use_tempaddr = 2
    worker2: * Applying /etc/sysctl.d/10-kernel-hardening.conf ...
    worker2: kernel.kptr_restrict = 1
    worker2: * Applying /etc/sysctl.d/10-magic-sysrq.conf ...
    worker2: kernel.sysrq = 176
    worker2: * Applying /etc/sysctl.d/10-network-security.conf ...
    worker2: net.ipv4.conf.default.rp_filter = 2
    worker2: net.ipv4.conf.all.rp_filter = 2
    worker2: * Applying /etc/sysctl.d/10-ptrace.conf ...
    worker2: kernel.yama.ptrace_scope = 1
    worker2: * Applying /etc/sysctl.d/10-zeropage.conf ...
    worker2: vm.mmap_min_addr = 65536
    worker2: * Applying /usr/lib/sysctl.d/50-default.conf ...
    worker2: kernel.core_uses_pid = 1
    worker2: net.ipv4.conf.default.rp_filter = 2
    worker2: net.ipv4.conf.default.accept_source_route = 0
    worker2: net.ipv4.conf.default.promote_secondaries = 1
    worker2: sysctl: setting key "net.ipv4.conf.all.accept_source_route": Invalid argument
    worker2: sysctl: setting key "net.ipv4.conf.all.promote_secondaries": Invalid argument
    worker2: net.ipv4.ping_group_range = 0 2147483647
    worker2: net.core.default_qdisc = fq_codel
    worker2: fs.protected_hardlinks = 1
    worker2: fs.protected_symlinks = 1
    worker2: fs.protected_regular = 1
    worker2: fs.protected_fifos = 1
    worker2: * Applying /usr/lib/sysctl.d/50-pid-max.conf ...
    worker2: kernel.pid_max = 4194304
    worker2: * Applying /etc/sysctl.d/99-cloudimg-ipv6.conf ...
    worker2: net.ipv6.conf.all.use_tempaddr = 0
    worker2: net.ipv6.conf.default.use_tempaddr = 0
    worker2: * Applying /usr/lib/sysctl.d/99-protect-links.conf ...
    worker2: fs.protected_fifos = 1
    worker2: fs.protected_hardlinks = 1
    worker2: fs.protected_regular = 2
    worker2: fs.protected_symlinks = 1
    worker2: * Applying /etc/sysctl.d/99-sysctl.conf ...
    worker2: * Applying /etc/sysctl.d/k8s.conf ...
    worker2: net.bridge.bridge-nf-call-iptables = 1
    worker2: net.bridge.bridge-nf-call-ip6tables = 1
    worker2: net.ipv4.ip_forward = 1
    worker2: * Applying /etc/sysctl.conf ...
    worker2: [5/10] Installing required packages...
    worker2: Reading package lists...
    worker2: Building dependency tree...
    worker2: Reading state information...
    worker2: gpg is already the newest version (2.2.27-3ubuntu2.5).
    worker2: gpg set to manually installed.
    worker2: software-properties-common is already the newest version (0.99.22.9).
    worker2: software-properties-common set to manually installed.
    worker2: The following additional packages will be installed:
    worker2:   libcurl4
    worker2: The following NEW packages will be installed:
    worker2:   apt-transport-https conntrack socat
    worker2: The following packages will be upgraded:
    worker2:   ca-certificates curl libcurl4
    worker2: 3 upgraded, 3 newly installed, 0 to remove and 109 not upgraded.
    worker2: Need to get 1010 kB of archives.
    worker2: After this operation, 1603 kB of additional disk space will be used.
    worker2: Get:1 http://archive.ubuntu.com/ubuntu jammy-updates/main amd64 ca-certificates all 20260601~22.04.1 [141 kB]
    worker2: Get:2 http://archive.ubuntu.com/ubuntu jammy-updates/universe amd64 apt-transport-https all 2.4.14 [1510 B]
    worker2: Get:3 http://archive.ubuntu.com/ubuntu jammy/main amd64 conntrack amd64 1:1.4.6-2build2 [33.5 kB]
    worker2: Get:4 http://archive.ubuntu.com/ubuntu jammy-updates/main amd64 curl amd64 7.81.0-1ubuntu1.25 [194 kB]
    worker2: Get:5 http://archive.ubuntu.com/ubuntu jammy-updates/main amd64 libcurl4 amd64 7.81.0-1ubuntu1.25 [291 kB]
    worker2: Get:6 http://archive.ubuntu.com/ubuntu jammy/main amd64 socat amd64 1.7.4.1-3ubuntu4 [349 kB]
    worker2: dpkg-preconfigure: unable to re-open stdin: No such file or directory
    worker2: Fetched 1010 kB in 3s (380 kB/s)
(Reading database ... 64341 files and directories currently installed.)
    worker2: Preparing to unpack .../0-ca-certificates_20260601~22.04.1_all.deb ...
    worker2: Unpacking ca-certificates (20260601~22.04.1) over (20240203~22.04.1) ...
    worker2: Selecting previously unselected package apt-transport-https.
    worker2: Preparing to unpack .../1-apt-transport-https_2.4.14_all.deb ...
    worker2: Unpacking apt-transport-https (2.4.14) ...
    worker2: Selecting previously unselected package conntrack.
    worker2: Preparing to unpack .../2-conntrack_1%3a1.4.6-2build2_amd64.deb ...
    worker2: Unpacking conntrack (1:1.4.6-2build2) ...
    worker2: Preparing to unpack .../3-curl_7.81.0-1ubuntu1.25_amd64.deb ...
    worker2: Unpacking curl (7.81.0-1ubuntu1.25) over (7.81.0-1ubuntu1.23) ...
    worker2: Preparing to unpack .../4-libcurl4_7.81.0-1ubuntu1.25_amd64.deb ...
    worker2: Unpacking libcurl4:amd64 (7.81.0-1ubuntu1.25) over (7.81.0-1ubuntu1.23) ...
    worker2: Selecting previously unselected package socat.
    worker2: Preparing to unpack .../5-socat_1.7.4.1-3ubuntu4_amd64.deb ...
    worker2: Unpacking socat (1.7.4.1-3ubuntu4) ...
    worker2: Setting up apt-transport-https (2.4.14) ...
    worker2: Setting up conntrack (1:1.4.6-2build2) ...
    worker2: Setting up ca-certificates (20260601~22.04.1) ...
    worker2: Updating certificates in /etc/ssl/certs...
    worker2: rehash: warning: skipping ca-certificates.crt,it does not contain exactly one certificate or CRL
    worker2: 14 added, 39 removed; done.
    worker2: Setting up socat (1.7.4.1-3ubuntu4) ...
    worker2: Setting up libcurl4:amd64 (7.81.0-1ubuntu1.25) ...
    worker2: Setting up curl (7.81.0-1ubuntu1.25) ...
    worker2: Processing triggers for man-db (2.10.2-1) ...
    worker2: Processing triggers for libc-bin (2.35-0ubuntu3.13) ...
    worker2: Processing triggers for ca-certificates (20260601~22.04.1) ...
    worker2: Updating certificates in /etc/ssl/certs...
    worker2: 0 added, 0 removed; done.
    worker2: Running hooks in /etc/ca-certificates/update.d...
    worker2: done.
    worker2:
    worker2: Running kernel seems to be up-to-date.
    worker2:
    worker2: No services need to be restarted.
    worker2:
    worker2: No containers need to be restarted.
    worker2:
    worker2: No user sessions are running outdated binaries.
    worker2:
    worker2: No VM guests are running outdated hypervisor (qemu) binaries on this host.
    worker2: [6/10] Installing containerd...
    worker2: Reading package lists...
    worker2: Building dependency tree...
    worker2: Reading state information...
    worker2: The following additional packages will be installed:
    worker2:   runc
    worker2: The following NEW packages will be installed:
    worker2:   containerd runc
    worker2: 0 upgraded, 2 newly installed, 0 to remove and 109 not upgraded.
    worker2: Need to get 37.8 MB of archives.
    worker2: After this operation, 140 MB of additional disk space will be used.
    worker2: Get:1 http://archive.ubuntu.com/ubuntu jammy-updates/main amd64 runc amd64 1.3.4-0ubuntu1~22.04.1 [9569 kB]
    worker2: Get:2 http://archive.ubuntu.com/ubuntu jammy-updates/main amd64 containerd amd64 2.2.1-0ubuntu1~22.04.2 [28.3 MB]
    worker2: dpkg-preconfigure: unable to re-open stdin: No such file or directory
    worker2: Fetched 37.8 MB in 6s (5941 kB/s)
    worker2: Selecting previously unselected package runc.
(Reading database ... 64365 files and directories currently installed.)
    worker2: Preparing to unpack .../runc_1.3.4-0ubuntu1~22.04.1_amd64.deb ...
    worker2: Unpacking runc (1.3.4-0ubuntu1~22.04.1) ...
    worker2: Selecting previously unselected package containerd.
    worker2: Preparing to unpack .../containerd_2.2.1-0ubuntu1~22.04.2_amd64.deb ...
    worker2: Unpacking containerd (2.2.1-0ubuntu1~22.04.2) ...
    worker2: Setting up runc (1.3.4-0ubuntu1~22.04.1) ...
    worker2: Setting up containerd (2.2.1-0ubuntu1~22.04.2) ...
    worker2: Created symlink /etc/systemd/system/multi-user.target.wants/containerd.service → /lib/systemd/system/containerd.service.
    worker2: Processing triggers for man-db (2.10.2-1) ...
    worker2:
    worker2: Running kernel seems to be up-to-date.
    worker2:
    worker2: No services need to be restarted.
    worker2:
    worker2: No containers need to be restarted.
    worker2:
    worker2: No user sessions are running outdated binaries.
    worker2:
    worker2: No VM guests are running outdated hypervisor (qemu) binaries on this host.
    worker2: [7/10] Configuring containerd...
    worker2: [8/10] Configuring Kubernetes repository...
    worker2: Hit:2 http://archive.ubuntu.com/ubuntu jammy InRelease
    worker2: Get:1 https://prod-cdn.packages.k8s.io/repositories/isv:/kubernetes:/core:/stable:/v1.28/deb  InRelease [1192 B]
    worker2: Hit:3 http://security.ubuntu.com/ubuntu jammy-security InRelease
    worker2: Hit:4 http://archive.ubuntu.com/ubuntu jammy-updates InRelease
    worker2: Hit:5 http://archive.ubuntu.com/ubuntu jammy-backports InRelease
    worker2: Get:6 https://prod-cdn.packages.k8s.io/repositories/isv:/kubernetes:/core:/stable:/v1.28/deb  Packages [21.3 kB]
    worker2: Fetched 22.5 kB in 5s (4558 B/s)
    worker2: Reading package lists...
    worker2: [9/10] Installing Kubernetes components...
    worker2: Reading package lists...
    worker2: Building dependency tree...
    worker2: Reading state information...
    worker2: The following additional packages will be installed:
    worker2:   cri-tools kubernetes-cni
    worker2: The following NEW packages will be installed:
    worker2:   cri-tools kubeadm kubectl kubelet kubernetes-cni
    worker2: 0 upgraded, 5 newly installed, 0 to remove and 109 not upgraded.
    worker2: Need to get 87.4 MB of archives.
    worker2: After this operation, 335 MB of additional disk space will be used.
    worker2: Get:1 https://prod-cdn.packages.k8s.io/repositories/isv:/kubernetes:/core:/stable:/v1.28/deb  cri-tools 1.28.0-1.1 [19.6 MB]
    worker2: Get:2 https://prod-cdn.packages.k8s.io/repositories/isv:/kubernetes:/core:/stable:/v1.28/deb  kubernetes-cni 1.2.0-2.1 [27.6 MB]
    worker2: Get:3 https://prod-cdn.packages.k8s.io/repositories/isv:/kubernetes:/core:/stable:/v1.28/deb  kubelet 1.28.15-1.1 [19.6 MB]
    worker2: Get:4 https://prod-cdn.packages.k8s.io/repositories/isv:/kubernetes:/core:/stable:/v1.28/deb  kubectl 1.28.15-1.1 [10.4 MB]
    worker2: Get:5 https://prod-cdn.packages.k8s.io/repositories/isv:/kubernetes:/core:/stable:/v1.28/deb  kubeadm 1.28.15-1.1 [10.1 MB]
    worker2: dpkg-preconfigure: unable to re-open stdin: No such file or directory
    worker2: Fetched 87.4 MB in 8s (11.3 MB/s)
    worker2: Selecting previously unselected package cri-tools.
(Reading database ... 64429 files and directories currently installed.)
    worker2: Preparing to unpack .../cri-tools_1.28.0-1.1_amd64.deb ...
    worker2: Unpacking cri-tools (1.28.0-1.1) ...
    worker2: Selecting previously unselected package kubernetes-cni.
    worker2: Preparing to unpack .../kubernetes-cni_1.2.0-2.1_amd64.deb ...
    worker2: Unpacking kubernetes-cni (1.2.0-2.1) ...
    worker2: Selecting previously unselected package kubelet.
    worker2: Preparing to unpack .../kubelet_1.28.15-1.1_amd64.deb ...
    worker2: Unpacking kubelet (1.28.15-1.1) ...
    worker2: Selecting previously unselected package kubectl.
    worker2: Preparing to unpack .../kubectl_1.28.15-1.1_amd64.deb ...
    worker2: Unpacking kubectl (1.28.15-1.1) ...
    worker2: Selecting previously unselected package kubeadm.
    worker2: Preparing to unpack .../kubeadm_1.28.15-1.1_amd64.deb ...
    worker2: Unpacking kubeadm (1.28.15-1.1) ...
    worker2: Setting up kubectl (1.28.15-1.1) ...
    worker2: Setting up cri-tools (1.28.0-1.1) ...
    worker2: Setting up kubernetes-cni (1.2.0-2.1) ...
    worker2: Setting up kubelet (1.28.15-1.1) ...
    worker2: Setting up kubeadm (1.28.15-1.1) ...
    worker2:
    worker2: Running kernel seems to be up-to-date.
    worker2:
    worker2: No services need to be restarted.
    worker2:
    worker2: No containers need to be restarted.
    worker2:
    worker2: No user sessions are running outdated binaries.
    worker2:
    worker2: No VM guests are running outdated hypervisor (qemu) binaries on this host.
    worker2: kubelet set on hold.
    worker2: kubeadm set on hold.
    worker2: kubectl set on hold.
    worker2: [10/10] Enabling kubelet...
    worker2:
    worker2: ==================================================
    worker2:  Common Provisioning Completed Successfully
    worker2: ==================================================
    worker2: Node:
    worker2: worker2
    worker2:
    worker2: Container runtime:
    worker2: active
    worker2:
    worker2: Kubernetes versions:
    worker2: v1.28.15
    worker2: Client Version: v1.28.15
    worker2: Kustomize Version: v5.0.4-0.20230601165947-6ce0bf390ce3
    worker2:
    worker2: Swap:
    worker2:                total        used        free      shared  buff/cache   available
    worker2: Mem:           1.9Gi       195Mi       342Mi       0.0Ki       1.4Gi       1.6Gi
    worker2: Swap:             0B          0B          0B
    worker2:
    worker2: ==================================================
==> worker2: Running provisioner: shell...
    worker2: Running: C:/Users/chand/AppData/Local/Temp/vagrant-shell20260801-17972-vbbodb.sh
    worker2: ==================================================
    worker2:  Worker Node Preparation
    worker2: ==================================================
    worker2: Node: worker2
    worker2: ==================================================
    worker2: [INFO] Detecting Kubernetes node IP...
    worker2: [OK] Detected node IP: 192.168.56.12
    worker2: [INFO] Checking containerd...
    worker2: [OK] containerd is running.
    worker2: [INFO] Checking kubeadm...
    worker2: [OK] kubeadm is installed.
    worker2: v1.28.15
    worker2: [INFO] Checking kubelet...
    worker2: [OK] kubelet is installed.
    worker2: Kubernetes v1.28.15
    worker2: [INFO] Configuring kubelet node IP...
    worker2:
    worker2: ==================================================
    worker2:  Worker Node Preparation Completed
    worker2: ==================================================
    worker2: Hostname:
    worker2: worker2
    worker2:
    worker2: Detected Kubernetes IP:
    worker2: 192.168.56.12
    worker2:
    worker2: Host-only addresses:
    worker2:     inet 192.168.56.12/24 brd 192.168.56.255 scope global enp0s8
    worker2:
    worker2: Kubernetes version:
    worker2: v1.28.15
    worker2:
    worker2: ==================================================
==> worker2: Running provisioner: shell...
    worker2: Running: C:/Users/chand/AppData/Local/Temp/vagrant-shell20260801-17972-gmt3d9.sh
    worker2: ==================================================
    worker2:  Kubernetes Worker Node Join
    worker2: ==================================================
    worker2: [INFO] Worker: worker2
    worker2: [INFO] Waiting for join command...
    worker2: [INFO] Join command found.
    worker2: [INFO] Checking Kubernetes API connectivity...
    worker2: [INFO] Kubernetes API is reachable.
    worker2:
    worker2: [INFO] Join command:
    worker2: #!/bin/bash
    worker2: kubeadm join 192.168.56.10:6443 --token re9lo4.0n3djy1czp7nt1ca --discovery-token-ca-cert-hash sha256:6bd3c83f49e2666219784a360bc1568e8035448bb877dfa27ad0a913a0b83abc
    worker2:
    worker2: [INFO] Joining Kubernetes cluster...
    worker2: [preflight] Running pre-flight checks
    worker2: [preflight] Reading configuration from the cluster...
    worker2: [preflight] FYI: You can look at this config file with 'kubectl -n kube-system get cm kubeadm-config -o yaml'
    worker2: [kubelet-start] Writing kubelet configuration to file "/var/lib/kubelet/config.yaml"
    worker2: [kubelet-start] Writing kubelet environment file with flags to file "/var/lib/kubelet/kubeadm-flags.env"
    worker2: [kubelet-start] Starting the kubelet
    worker2: [kubelet-start] Waiting for the kubelet to perform the TLS Bootstrap...
    worker2:
    worker2: This node has joined the cluster:
    worker2: * Certificate signing request was sent to apiserver and a response was received.
    worker2: * The Kubelet was informed of the new secure connection details.
    worker2:
    worker2: Run 'kubectl get nodes' on the control-plane to see this node join the cluster.
    worker2:
    worker2:
    worker2: [INFO] Checking kubelet...
    worker2: [INFO] kubelet is running.
    worker2:
    worker2: ==================================================
    worker2:  Worker Successfully Joined
    worker2: ==================================================
    worker2: [INFO] Worker: worker2
    worker2:
    worker2: ==================================================
    worker2:  Worker Join Completed
    worker2: ==================================================